player_id,first,last,name,birthdate,school,country,last_affiliation,height,weight,season_exp,jersey,pos,rosterstatus,from_year,dleague_flag,draft_year,draft_round,draft_number,team_id,team_id2,team,team2
1713,Vince,Carter,V. Carter,19770126,North Carolina,USA,North Carolina/USA,6-6,220.0,22,15.0,Guard,Inactive,1998.0,N,1998,1.0,5.0,1610612737,0,ATL,
2037,Jamal,Crawford,J. Crawford,19800320,Michigan,USA,Michigan/USA,6-5,200.0,20,1.0,Guard,Inactive,2000.0,N,2000,1.0,8.0,1610612751,0,BKN,
2544,LeBron,James,L. James,19841230,St. Vincent-St. Mary HS (OH),USA,St. Vincent-St. Mary HS (OH)/USA,6-9,250.0,17,23.0,Forward,Active,2003.0,N,2003,1.0,1.0,1610612747,0,LAL,
2546,Carmelo,Anthony,C. Anthony,19840529,Syracuse,USA,Syracuse/USA,6-7,238.0,17,0.0,Forward,Active,2003.0,N,2003,1.0,3.0,1610612757,0,POR,
2594,Kyle,Korver,K. Korver,19810317,Creighton,USA,Creighton/USA,6-7,212.0,17,26.0,Guard,Inactive,2003.0,N,2003,2.0,51.0,1610612749,0,MIL,
2730,Dwight,Howard,D. Howard,19851208,SW Atlanta Christian Academy (GA),USA,SW Atlanta Christian Academy (GA)/USA,6-10,265.0,16,39.0,Center,Active,2004.0,N,2004,1.0,1.0,1610612747,0,LAL,
2738,Andre,Iguodala,A. Iguodala,19840128,Arizona,USA,Arizona/USA,6-6,215.0,16,28.0,Guard,Active,2004.0,N,2004,1.0,9.0,1610612748,0,MIA,
2747,JR,Smith,J. Smith,19850909,,USA,No College/USA,6-6,220.0,16,21.0,Guard,Inactive,2004.0,N,2004,1.0,18.0,1610612747,0,LAL,
2772,Trevor,Ariza,T. Ariza,19850630,UCLA,USA,UCLA/USA,6-8,215.0,16,8.0,Forward,Active,2004.0,N,2004,2.0,43.0,1610612758,0,SAC,
101107,Marvin,Williams,M. Williams,19860619,North Carolina,USA,North Carolina/USA,6-8,237.0,15,20.0,Forward,Inactive,2005.0,N,2005,1.0,2.0,1610612749,0,MIL,
101108,Chris,Paul,C. Paul,19850506,Wake Forest,USA,Wake Forest/USA,6-0,175.0,15,3.0,Guard,Active,2005.0,N,2005,1.0,4.0,1610612760,0,OKC,
101133,Ian,Mahinmi,I. Mahinmi,19861105,Pau Orthez,France,Pau Orthez/France,6-11,262.0,12,28.0,Center,Inactive,2007.0,Y,2005,1.0,28.0,1610612764,0,WAS,
101139,CJ,Miles,C. Miles,19870318,,USA,Skyline HS (TX)/USA,6-6,220.0,14,,Guard,Inactive,2005.0,Y,2005,2.0,34.0,1610612764,0,WAS,
101141,Ersan,Ilyasova,E. Ilyasova,19870515,FC Barcelona,Turkey,FC Barcelona/Turkey,6-9,235.0,12,77.0,Forward,Active,2006.0,Y,2005,2.0,36.0,1610612749,0,MIL,
101150,Lou,Williams,L. Williams,19861027,South Gwinnett HS (GA),USA,South Gwinnett HS (GA)/USA,6-1,175.0,15,6.0,Guard,Active,2005.0,Y,2005,2.0,45.0,1610612746,0,LAC,
200746,LaMarcus,Aldridge,L. Aldridge,19850719,University of Texas at Austin,USA,Texas-Austin/USA,6-11,250.0,14,,Center,Inactive,2006.0,N,2006,1.0,2.0,1610612759,0,SAS,
200752,Rudy,Gay,R. Gay,19860817,Connecticut,USA,Connecticut/USA,6-8,250.0,14,22.0,Forward,Active,2006.0,N,2006,1.0,8.0,1610612759,0,SAS,
200755,JJ,Redick,J. Redick,19840624,Duke,USA,Duke/USA,6-3,200.0,14,17.0,Guard,Active,2006.0,N,2006,1.0,11.0,1610612740,0,NOP,
200757,Thabo,Sefolosha,T. Sefolosha,19840502,,Switzerland,Angelico Biella/Switzerland,6-6,215.0,14,18.0,Forward,Inactive,2006.0,N,2006,1.0,13.0,1610612745,0,HOU,
200765,Rajon,Rondo,R. Rondo,19860222,Kentucky,USA,Kentucky/USA,6-1,180.0,14,4.0,Guard,Active,2006.0,N,2006,1.0,21.0,1610612747,0,LAL,
200768,Kyle,Lowry,K. Lowry,19860325,Villanova,USA,Villanova/USA,6-0,196.0,14,7.0,Guard,Active,2006.0,N,2006,1.0,24.0,1610612761,0,TOR,
200782,P.J.,Tucker,P. Tucker,19850505,Texas-Austin,USA,Texas-Austin/USA,6-5,245.0,9,17.0,Forward,Active,2006.0,Y,2006,2.0,35.0,1610612745,0,HOU,
200794,Paul,Millsap,P. Millsap,19850210,Louisiana Tech,USA,Louisiana Tech/USA,6-7,257.0,14,4.0,Forward,Active,2006.0,N,2006,2.0,47.0,1610612743,0,DEN,
200826,J.J.,Barea,J. Barea,19840626,Northeastern,Puerto Rico,Northeastern/Puerto Rico,5-10,180.0,14,5.0,Guard,Inactive,2006.0,Y,Undrafted,,,1610612742,0,DAL,
201143,Al,Horford,A. Horford,19860603,Florida,Dominican Republic,Florida/Dominican Republic,6-9,240.0,13,42.0,Center,Active,2007.0,N,2007,1.0,3.0,1610612755,0,PHI,
201144,Mike,Conley,M. Conley,19871011,Ohio State,USA,Ohio State/USA,6-1,175.0,13,10.0,Guard,Active,2007.0,N,2007,1.0,4.0,1610612762,0,UTA,
201145,Jeff,Green,J. Green,19860828,Georgetown,USA,Georgetown/USA,6-8,235.0,12,8.0,Forward,Active,2007.0,N,2007,1.0,5.0,1610612762,1610612745,UTA,HOU
201147,Corey,Brewer,C. Brewer,19860305,Florida,USA,Florida/USA,6-9,188.0,13,13.0,Guard,Inactive,2007.0,N,2007,1.0,7.0,1610612758,0,SAC,
201149,Joakim,Noah,J. Noah,19850225,Florida,USA,Florida/USA,6-11,232.0,13,55.0,Forward,Inactive,2007.0,Y,2007,1.0,9.0,1610612746,0,LAC,
201152,Thaddeus,Young,T. Young,19880621,Georgia Tech,USA,Georgia Tech/USA,6-8,235.0,13,21.0,Forward,Active,2007.0,N,2007,1.0,12.0,1610612741,0,CHI,
201158,Marco,Belinelli,M. Belinelli,19860325,Fortitudo Bologna,Italy,Fortitudo Bologna/Italy,6-5,220.0,13,18.0,Guard,Inactive,2007.0,N,2007,1.0,18.0,1610612759,0,SAS,
201162,Jared,Dudley,J. Dudley,19850710,Boston College,USA,Boston College/USA,6-6,237.0,13,10.0,Forward,Active,2007.0,N,2007,1.0,22.0,1610612747,0,LAL,
201163,Wilson,Chandler,W. Chandler,19870510,DePaul,USA,DePaul/USA,6-8,235.0,12,21.0,Forward,Inactive,2007.0,N,2007,1.0,23.0,1610612751,0,BKN,
201188,Marc,Gasol,M. Gasol,19850129,FC Barcelona,Spain,FC Barcelona/Spain,6-11,255.0,12,14.0,Center,Active,2008.0,N,2007,2.0,48.0,1610612761,0,TOR,
201229,Anthony,Tolliver,A. Tolliver,19850601,Creighton,USA,Creighton/USA,6-8,240.0,12,43.0,Forward,Active,2008.0,Y,Undrafted,,,1610612757,1610612763,POR,MEM
201565,Derrick,Rose,D. Rose,19881004,Memphis,USA,Memphis/USA,6-2,200.0,11,4.0,Guard,Active,2008.0,N,2008,1.0,1.0,1610612765,0,DET,
201566,Russell,Westbrook,R. Westbrook,19881112,UCLA,USA,UCLA/USA,6-3,200.0,12,4.0,Guard,Active,2008.0,N,2008,1.0,4.0,1610612745,0,HOU,
201567,Kevin,Love,K. Love,19880907,UCLA,USA,UCLA/USA,6-8,251.0,12,0.0,Forward,Active,2008.0,N,2008,1.0,5.0,1610612739,0,CLE,
201568,Danilo,Gallinari,D. Gallinari,19880808,Olimpia Milano,Italy,Olimpia Milano/Italy,6-10,233.0,11,8.0,Forward,Active,2008.0,N,2008,1.0,6.0,1610612760,0,OKC,
201569,Eric,Gordon,E. Gordon,19881225,Indiana,USA,Indiana/USA,6-3,215.0,12,10.0,Guard,Active,2008.0,N,2008,1.0,7.0,1610612745,0,HOU,
201571,D.J.,Augustin,D. Augustin,19871110,Texas-Austin,USA,Texas-Austin/USA,5-11,183.0,12,14.0,Guard,Active,2008.0,N,2008,1.0,9.0,1610612753,0,ORL,
201572,Brook,Lopez,B. Lopez,19880401,Stanford,USA,Stanford/USA,7-0,282.0,12,11.0,Center,Active,2008.0,N,2008,1.0,10.0,1610612749,0,MIL,
201577,Robin,Lopez,R. Lopez,19880401,Stanford,USA,Stanford/USA,7-0,281.0,12,15.0,Center,Active,2008.0,N,2008,1.0,15.0,1610612749,0,MIL,
201580,JaVale,McGee,J. McGee,19880119,Nevada-Reno,USA,Nevada-Reno/USA,7-0,270.0,12,34.0,Center,Active,2008.0,N,2008,1.0,18.0,1610612747,0,LAL,
201586,Serge,Ibaka,S. Ibaka,19890918,Ricoh Manresa,Republic of the Congo,Ricoh Manresa/Republic of the Congo,6-10,235.0,11,9.0,Forward,Active,2009.0,N,2008,1.0,24.0,1610612761,0,TOR,
201587,Nicolas,Batum,N. Batum,19881214,Le Mans,France,Le Mans/France,6-8,230.0,12,33.0,Guard,Active,2008.0,N,2008,1.0,25.0,1610612766,0,CHA,
201588,George,Hill,G. Hill,19860504,Indiana-Purdue Indianapolis,USA,Indiana-Purdue Indianapolis/USA,6-4,188.0,12,33.0,Guard,Active,2008.0,N,2008,1.0,26.0,1610612749,0,MIL,
201601,Luc,Mbah a Moute,L. Mbah a Moute,19860909,UCLA,Cameroon,UCLA/Cameroon,6-8,230.0,12,12.0,Forward,Inactive,2008.0,N,2008,2.0,37.0,1610612745,0,HOU,
201609,Goran,Dragic,G. Dragic,19860506,Union Olimpija,Slovenia,Union Olimpija/Slovenia,6-3,190.0,12,7.0,Guard,Active,2008.0,N,2008,2.0,45.0,1610612748,0,MIA,
201933,Blake,Griffin,B. Griffin,19890316,Oklahoma,USA,Oklahoma/USA,6-9,250.0,10,2.0,Forward,Active,2009.0,N,2009,1.0,1.0,1610612765,0,DET,
201935,James,Harden,J. Harden,19890826,Arizona State,USA,Arizona State/USA,6-5,220.0,11,13.0,Guard,Active,2009.0,N,2009,1.0,3.0,1610612745,0,HOU,
201937,Ricky,Rubio,R. Rubio,19901021,FC Barcelona,Spain,FC Barcelona/Spain,6-3,190.0,9,9.0,Guard,Active,2011.0,N,2009,1.0,5.0,1610612756,0,PHX,
201942,DeMar,DeRozan,D. DeRozan,19890807,Southern California,USA,Southern California/USA,6-6,220.0,11,10.0,Guard,Active,2009.0,N,2009,1.0,9.0,1610612759,0,SAS,
201949,James,Johnson,J. Johnson,19870220,Wake Forest,USA,Wake Forest/USA,6-7,240.0,11,16.0,Forward,Active,2009.0,Y,2009,1.0,16.0,1610612748,0,MIA,
201950,Jrue,Holiday,J. Holiday,19900612,UCLA,USA,UCLA/USA,6-3,205.0,11,21.0,Guard,Active,2009.0,N,2009,1.0,17.0,1610612740,0,NOP,
201952,Jeff,Teague,J. Teague,19880610,Wake Forest,USA,Wake Forest/USA,6-3,195.0,11,5.0,Guard,Active,2009.0,N,2009,1.0,19.0,1610612750,1610612737,MIN,ATL
201959,Taj,Gibson,T. Gibson,19850624,Southern California,USA,Southern California/USA,6-9,232.0,11,67.0,Forward,Active,2009.0,N,2009,1.0,26.0,1610612752,0,NYK,
201960,DeMarre,Carroll,D. Carroll,19860727,Missouri,USA,Missouri/USA,6-6,215.0,11,9.0,Forward,Inactive,2009.0,Y,2009,1.0,27.0,1610612759,1610612745,SAS,HOU
201961,Wayne,Ellington,W. Ellington,19871129,North Carolina,USA,North Carolina/USA,6-4,207.0,11,8.0,Guard,Active,2009.0,N,2009,1.0,28.0,1610612752,0,NYK,
201976,Patrick,Beverley,P. Beverley,19880712,Arkansas,USA,Arkansas/USA,6-1,180.0,8,21.0,Guard,Active,2012.0,Y,2009,2.0,42.0,1610612746,0,LAC,
201980,Danny,Green,D. Green,19870622,North Carolina,USA,North Carolina/USA,6-6,215.0,11,14.0,Guard,Active,2009.0,Y,2009,2.0,46.0,1610612747,0,LAL,
201988,Patty,Mills,P. Mills,19880811,St.Mary's College of California,Australia,St.Mary's College of California/Australia,6-1,180.0,11,8.0,Guard,Active,2009.0,Y,2009,2.0,55.0,1610612759,0,SAS,
202066,Garrett,Temple,G. Temple,19860508,Louisiana State,USA,Louisiana State/USA,6-5,195.0,10,17.0,Guard,Active,2009.0,Y,Undrafted,,,1610612751,0,BKN,
202083,Wesley,Matthews,W. Matthews,19861014,Marquette,USA,Marquette/USA,6-4,220.0,11,9.0,Guard,Active,2009.0,N,Undrafted,,,1610612749,0,MIL,
202323,Evan,Turner,E. Turner,19881027,Ohio State,USA,Ohio State/USA,6-6,220.0,10,1.0,Guard,Inactive,2010.0,N,2010,1.0,2.0,1610612737,0,ATL,
202324,Derrick,Favors,D. Favors,19910715,Georgia Tech,USA,Georgia Tech/USA,6-9,265.0,10,15.0,Forward,Active,2010.0,N,2010,1.0,3.0,1610612740,0,NOP,
202329,Al-Farouq,Aminu,A. Aminu,19900921,Wake Forest,USA,Wake Forest/USA,6-8,220.0,10,5.0,Forward,Active,2010.0,N,2010,1.0,8.0,1610612753,0,ORL,
202330,Gordon,Hayward,G. Hayward,19900323,Butler,USA,Butler/USA,6-7,225.0,10,20.0,Forward,Active,2010.0,N,2010,1.0,9.0,1610612738,0,BOS,
202331,Paul,George,P. George,19900502,Fresno State,USA,Fresno State/USA,6-8,220.0,10,13.0,Forward,Active,2010.0,N,2010,1.0,10.0,1610612746,0,LAC,
202334,Ed,Davis,E. Davis,19890605,North Carolina,USA,North Carolina/USA,6-9,218.0,10,17.0,Center,Active,2010.0,Y,2010,1.0,13.0,1610612762,0,UTA,
202335,Patrick,Patterson,P. Patterson,19890314,Kentucky,USA,Kentucky/USA,6-8,235.0,10,54.0,Forward,Active,2010.0,Y,2010,1.0,14.0,1610612746,0,LAC,
202339,Eric,Bledsoe,E. Bledsoe,19891209,Kentucky,USA,Kentucky/USA,6-1,214.0,10,5.0,Guard,Active,2010.0,Y,2010,1.0,18.0,1610612749,0,MIL,
202340,Avery,Bradley,A. Bradley,19901126,Texas-Austin,USA,Texas-Austin/USA,6-3,180.0,10,9.0,Guard,Active,2010.0,Y,2010,1.0,19.0,1610612747,0,LAL,
202355,Hassan,Whiteside,H. Whiteside,19890613,Marshall,USA,Marshall/USA,7-0,265.0,8,20.0,Center,Active,2010.0,Y,2010,2.0,33.0,1610612757,0,POR,
202357,Nemanja,Bjelica,N. Bjelica,19880509,Fenerbahce,Serbia,Fenerbahce/Serbia,6-10,234.0,5,70.0,Forward,Active,2015.0,N,2010,2.0,35.0,1610612758,0,SAC,
202397,Ish,Smith,I. Smith,19880705,Wake Forest,USA,Wake Forest/USA,6-0,175.0,10,14.0,Guard,Active,2010.0,Y,Undrafted,,,1610612764,0,WAS,
202498,Lance,Thomas,L. Thomas,19880424,Duke,USA,Duke/USA,6-8,225.0,9,42.0,Forward,Inactive,2011.0,Y,Undrafted,,,1610612751,0,BKN,
202683,Enes,Kanter,E. Kanter,19920520,Fenerbahce,Turkey,Fenerbahce/Turkey,6-10,250.0,9,11.0,Center,Active,2011.0,N,2011,1.0,3.0,1610612738,0,BOS,
202684,Tristan,Thompson,T. Thompson,19910313,Texas-Austin,Canada,Texas-Austin/Canada,6-9,254.0,9,13.0,Center,Active,2011.0,N,2011,1.0,4.0,1610612739,0,CLE,
202685,Jonas,Valanciunas,J. Valanciunas,19920506,Lietuvos rytas Vilnius,Lithuania,Lietuvos rytas Vilnius/Lithuania,6-11,265.0,8,17.0,Center,Active,2012.0,N,2011,1.0,5.0,1610612763,0,MEM,
202687,Bismack,Biyombo,B. Biyombo,19920828,Baloncesto Fuenlabrada,DRC,Baloncesto Fuenlabrada/DRC,6-8,255.0,9,8.0,Center,Active,2011.0,N,2011,1.0,7.0,1610612766,0,CHA,
202688,Brandon,Knight,B. Knight,19911202,Kentucky,USA,Kentucky/USA,6-2,182.0,8,20.0,Guard,Inactive,2011.0,Y,2011,1.0,8.0,1610612739,0,CLE,
202689,Kemba,Walker,K. Walker,19900508,Connecticut,USA,Connecticut/USA,6-0,184.0,9,8.0,Guard,Active,2011.0,N,2011,1.0,9.0,1610612738,0,BOS,
202692,Alec,Burks,A. Burks,19910720,Colorado,USA,Colorado/USA,6-6,214.0,9,18.0,Guard,Active,2011.0,Y,2011,1.0,12.0,1610612744,1610612755,GSW,PHI
202693,Markieff,Morris,M. Morris,19890902,Kansas,USA,Kansas/USA,6-9,245.0,9,88.0,Forward,Active,2011.0,N,2011,1.0,13.0,1610612765,1610612747,DET,LAL
202694,Marcus,Morris Sr.,M. Morris Sr.,19890902,Kansas,USA,Kansas/USA,6-8,218.0,9,8.0,Forward,Active,2011.0,Y,2011,1.0,14.0,1610612752,1610612746,NYK,LAC
202695,Kawhi,Leonard,K. Leonard,19910629,San Diego State,USA,San Diego State/USA,6-7,225.0,9,2.0,Forward,Active,2011.0,N,2011,1.0,15.0,1610612746,0,LAC,
202696,Nikola,Vucevic,N. Vucevic,19901024,Southern California,Montenegro,Southern California/Montenegro,6-11,260.0,9,9.0,Center,Active,2011.0,N,2011,1.0,16.0,1610612753,0,ORL,
202699,Tobias,Harris,T. Harris,19920715,Tennessee,USA,Tennessee/USA,6-8,226.0,9,12.0,Forward,Active,2011.0,N,2011,1.0,19.0,1610612755,0,PHI,
202704,Reggie,Jackson,R. Jackson,19900416,Boston College,USA,Boston College/USA,6-2,208.0,9,1.0,Guard,Active,2011.0,Y,2011,1.0,24.0,1610612765,1610612746,DET,LAC
202709,Cory,Joseph,C. Joseph,19910820,Texas-Austin,Canada,Texas-Austin/Canada,6-3,200.0,9,18.0,Guard,Active,2011.0,Y,2011,1.0,29.0,1610612758,0,SAC,
202710,Jimmy,Butler,J. Butler,19890914,Marquette,USA,Marquette/USA,6-7,230.0,9,22.0,Forward,Active,2011.0,N,2011,1.0,30.0,1610612748,0,MIA,
202711,Bojan,Bogdanovic,B. Bogdanovic,19890418,Fenerbahce,Croatia,Fenerbahce/Croatia,6-7,226.0,6,44.0,Forward,Active,2014.0,N,2011,2.0,31.0,1610612762,0,UTA,
202722,Davis,Bertans,D. Bertans,19921112,Baskonia,Latvia,Baskonia/Latvia,6-10,225.0,4,42.0,Forward,Active,2016.0,Y,2011,2.0,42.0,1610612764,0,WAS,
202734,E'Twaun,Moore,E. Moore,19890225,Purdue,USA,Purdue/USA,6-3,191.0,9,55.0,Guard,Active,2011.0,N,2011,2.0,55.0,1610612740,0,NOP,
202738,Isaiah,Thomas,I. Thomas,19890207,Washington,USA,Washington/USA,5-9,185.0,9,4.0,Guard,Inactive,2011.0,N,2011,2.0,60.0,1610612764,0,WAS,
202954,Brad,Wanamaker,B. Wanamaker,19890725,Pittsburgh,USA,Pittsburgh/USA,6-3,210.0,2,9.0,Guard,Active,2018.0,Y,Undrafted,,,1610612738,0,BOS,
203076,Anthony,Davis,A. Davis,19930311,Kentucky,USA,Kentucky/USA,6-10,253.0,8,3.0,Forward,Active,2012.0,N,2012,1.0,1.0,1610612747,0,LAL,
203077,Michael,Kidd-Gilchrist,M. Kidd-Gilchrist,19930926,Kentucky,USA,Kentucky/USA,6-6,232.0,8,9.0,Forward,Inactive,2012.0,N,2012,1.0,2.0,1610612766,1610612742,CHA,DAL
203078,Bradley,Beal,B. Beal,19930628,Florida,USA,Florida/USA,6-3,207.0,8,3.0,Guard,Active,2012.0,N,2012,1.0,3.0,1610612764,0,WAS,
203079,Dion,Waiters,D. Waiters,19911210,Syracuse,USA,Syracuse/USA,6-3,210.0,8,18.0,Guard,Inactive,2012.0,N,2012,1.0,4.0,1610612747,0,LAL,
203081,Damian,Lillard,D. Lillard,19900715,Weber State,USA,Weber State/USA,6-2,195.0,8,0.0,Guard,Active,2012.0,N,2012,1.0,6.0,1610612757,0,POR,
203082,Terrence,Ross,T. Ross,19910205,Washington,USA,Washington/USA,6-6,206.0,8,31.0,Guard,Active,2012.0,N,2012,1.0,8.0,1610612753,0,ORL,
203083,Andre,Drummond,A. Drummond,19930810,Connecticut,USA,Connecticut/USA,6-10,279.0,8,2.0,Center,Active,2012.0,N,2012,1.0,9.0,1610612765,1610612739,DET,CLE
203084,Harrison,Barnes,H. Barnes,19920530,North Carolina,USA,North Carolina/USA,6-8,225.0,8,40.0,Forward,Active,2012.0,N,2012,1.0,7.0,1610612758,0,SAC,
203085,Austin,Rivers,A. Rivers,19920801,Duke,USA,Duke/USA,6-4,200.0,8,25.0,Guard,Active,2012.0,N,2012,1.0,10.0,1610612745,0,HOU,
203086,Meyers,Leonard,M. Leonard,19920227,Illinois,USA,Illinois/USA,7-0,260.0,8,,Forward,Inactive,2012.0,N,2012,1.0,11.0,1610612748,0,MIA,
203087,Jeremy,Lamb,J. Lamb,19920530,Connecticut,USA,Connecticut/USA,6-5,180.0,8,26.0,Guard,Active,2012.0,Y,2012,1.0,12.0,1610612754,0,IND,
203089,John,Henson,J. Henson,19901228,North Carolina,USA,North Carolina/USA,6-9,219.0,8,31.0,Forward,Inactive,2012.0,N,2012,1.0,14.0,1610612739,1610612765,CLE,DET
203090,Maurice,Harkless,M. Harkless,19930511,St. John's,USA,St. John's/USA,6-7,220.0,8,8.0,Forward,Active,2012.0,N,2012,1.0,15.0,1610612746,1610612752,LAC,NYK
203092,Tyler,Zeller,T. Zeller,19900117,North Carolina,USA,North Carolina/USA,6-11,250.0,8,40.0,Forward,Inactive,2012.0,N,2012,1.0,17.0,1610612759,0,SAS,
203095,Evan,Fournier,E. Fournier,19921029,Poitiers Basket 86,France,Poitiers Basket 86/France,6-7,205.0,8,94.0,Guard,Active,2012.0,N,2012,1.0,20.0,1610612753,0,ORL,
203107,Tomas,Satoransky,T. Satoransky,19911030,FC Barcelona,Czech Republic,FC Barcelona/Czech Republic,6-7,210.0,4,31.0,Guard,Active,2016.0,N,2012,2.0,32.0,1610612741,0,CHI,
203109,Jae,Crowder,J. Crowder,19900706,Marquette,USA,Marquette/USA,6-6,235.0,8,99.0,Forward,Active,2012.0,Y,2012,2.0,34.0,1610612763,1610612748,MEM,MIA
203110,Draymond,Green,D. Green,19900304,Michigan State,USA,Michigan State/USA,6-6,230.0,8,23.0,Forward,Active,2012.0,N,2012,2.0,35.0,1610612744,0,GSW,
203114,Khris,Middleton,K. Middleton,19910812,Texas A&M,USA,Texas A&M/USA,6-7,222.0,8,22.0,Forward,Active,2012.0,Y,2012,2.0,39.0,1610612749,0,MIL,
203115,Will,Barton,W. Barton,19910106,Memphis,USA,Memphis/USA,6-6,181.0,8,5.0,Guard,Active,2012.0,Y,2012,2.0,40.0,1610612743,0,DEN,
203118,Mike,Scott,M. Scott,19880716,Virginia,USA,Virginia/USA,6-7,237.0,8,1.0,Forward,Active,2012.0,Y,2012,2.0,43.0,1610612755,0,PHI,
203124,Kyle,O'Quinn,K. O'Quinn,19900326,Norfolk State,USA,Norfolk State/USA,6-9,250.0,8,9.0,Center,Inactive,2012.0,N,2012,2.0,49.0,1610612755,0,PHI,
203145,Kent,Bazemore,K. Bazemore,19890701,Old Dominion,USA,Old Dominion/USA,6-4,195.0,8,26.0,Guard,Active,2012.0,Y,Undrafted,,,1610612757,1610612758,POR,SAC
203200,Justin,Holiday,J. Holiday,19890405,Washington,USA,Washington/USA,6-6,180.0,7,8.0,Forward,Active,2012.0,Y,Undrafted,,,1610612754,0,IND,
203210,JaMychal,Green,J. Green,19900621,Alabama,USA,Alabama/USA,6-8,227.0,6,0.0,Forward,Active,2014.0,Y,Undrafted,,,1610612746,0,LAC,
203382,Aron,Baynes,A. Baynes,19861209,Washington State,Australia,Washington State/Australia,6-10,260.0,8,46.0,Center,Active,2012.0,Y,Undrafted,,,1610612756,0,PHX,
203457,Nerlens,Noel,N. Noel,19940410,Kentucky,USA,Kentucky/USA,6-11,220.0,6,3.0,Center,Active,2013.0,N,2013,1.0,6.0,1610612760,0,OKC,
203458,Alex,Len,A. Len,19930616,Maryland,Ukraine,Maryland/Ukraine,7-0,250.0,7,27.0,Center,Active,2013.0,N,2013,1.0,5.0,1610612737,0,ATL,
203460,Andre,Roberson,A. Roberson,19911204,Colorado,USA,Colorado/USA,6-7,210.0,6,,Guard,Inactive,2013.0,Y,2013,1.0,26.0,1610612760,0,OKC,
203463,Ben,McLemore,B. McLemore,19930211,Kansas,USA,Kansas/USA,6-3,195.0,7,7.0,Guard,Active,2013.0,Y,2013,1.0,7.0,1610612745,0,HOU,
203468,CJ,McCollum,C. McCollum,19910919,Lehigh,USA,Lehigh/USA,6-3,190.0,7,3.0,Guard,Active,2013.0,Y,2013,1.0,10.0,1610612757,0,POR,
203469,Cody,Zeller,C. Zeller,19921005,Indiana,USA,Indiana/USA,6-11,240.0,7,40.0,Forward,Active,2013.0,N,2013,1.0,4.0,1610612766,0,CHA,
203471,Dennis,Schroder,D. Schroder,19930915,Braunschweig,Germany,Braunschweig/Germany,6-3,172.0,7,17.0,Guard,Active,2013.0,Y,2013,1.0,17.0,1610612760,0,OKC,
203473,Dewayne,Dedmon,D. Dedmon,19890812,Southern California,USA,Southern California/USA,7-0,245.0,7,21.0,Center,Active,2013.0,Y,Undrafted,,,1610612758,1610612737,SAC,ATL
203476,Gorgui,Dieng,G. Dieng,19900118,Louisville,Senegal,Louisville/Senegal,6-10,252.0,7,7.0,Center,Active,2013.0,N,2013,1.0,21.0,1610612750,1610612763,MIN,MEM
203482,Kelly,Olynyk,K. Olynyk,19910419,Gonzaga,Canada,Gonzaga/Canada,6-11,240.0,7,41.0,Forward,Active,2013.0,N,2013,1.0,13.0,1610612748,0,MIA,
203484,Kentavious,Caldwell-Pope,K. Caldwell-Pope,19930218,Georgia,USA,Georgia/USA,6-5,204.0,7,1.0,Guard,Active,2013.0,N,2013,1.0,8.0,1610612747,0,LAL,
203486,Mason,Plumlee,M. Plumlee,19900305,Duke,USA,Duke/USA,6-11,254.0,7,24.0,Forward,Active,2013.0,N,2013,1.0,22.0,1610612743,0,DEN,
203487,Michael,Carter-Williams,M. Carter-Williams,19911010,Syracuse,USA,Syracuse/USA,6-5,190.0,7,7.0,Guard,Active,2013.0,N,2013,1.0,11.0,1610612753,0,ORL,
203488,Mike,Muscala,M. Muscala,19910701,Bucknell,USA,Bucknell/USA,6-10,240.0,7,33.0,Forward,Active,2013.0,Y,2013,2.0,44.0,1610612760,0,OKC,
203493,Reggie,Bullock,R. Bullock,19910316,North Carolina,USA,North Carolina/USA,6-6,205.0,7,25.0,Guard,Active,2013.0,Y,2013,1.0,25.0,1610612752,0,NYK,
203496,Robert,Covington,R. Covington,19901214,Tennessee State,USA,Tennessee State/USA,6-7,209.0,7,23.0,Forward,Active,2013.0,Y,Undrafted,,,1610612750,1610612745,MIN,HOU
203497,Rudy,Gobert,R. Gobert,19920626,Cholet,France,Cholet/France,7-1,258.0,7,27.0,Center,Active,2013.0,Y,2013,1.0,27.0,1610612762,0,UTA,
203500,Steven,Adams,S. Adams,19930720,Pittsburgh,New Zealand,Pittsburgh/New Zealand,6-11,265.0,7,12.0,Center,Active,2013.0,N,2013,1.0,12.0,1610612760,0,OKC,
203501,Tim,Hardaway Jr.,T. Hardaway Jr.,19920316,Michigan,USA,Michigan/USA,6-5,205.0,7,11.0,Guard,Active,2013.0,Y,2013,1.0,24.0,1610612742,0,DAL,
203503,Tony,Snell,T. Snell,19911110,New Mexico,USA,New Mexico/USA,6-6,213.0,7,19.0,Guard,Active,2013.0,N,2013,1.0,20.0,1610612765,0,DET,
203504,Trey,Burke,T. Burke,19921112,Michigan,USA,Michigan/USA,6-0,185.0,7,3.0,Guard,Active,2013.0,Y,2013,1.0,9.0,1610612755,1610612742,PHI,DAL
203506,Victor,Oladipo,V. Oladipo,19920504,Indiana,USA,Indiana/USA,6-4,213.0,7,4.0,Guard,Active,2013.0,N,2013,1.0,2.0,1610612754,0,IND,
203507,Giannis,Antetokounmpo,G. Antetokounmpo,19941206,Filathlitikos,Greece,Filathlitikos/Greece,6-11,242.0,7,34.0,Forward,Active,2013.0,N,2013,1.0,15.0,1610612749,0,MIL,
203516,James,Ennis III,J. Ennis III,19900701,California State-Long Beach,USA,California State-Long Beach/USA,6-6,215.0,6,11.0,Forward,Active,2014.0,Y,2013,2.0,50.0,1610612755,1610612753,PHI,ORL
203521,Matthew,Dellavedova,M. Dellavedova,19900908,St.Mary's College of California,Australia,St.Mary's College of California/Australia,6-3,200.0,7,18.0,Guard,Active,2013.0,N,Undrafted,,,1610612739,0,CLE,
203524,Solomon,Hill,S. Hill,19910318,Arizona,USA,Arizona/USA,6-6,226.0,7,18.0,Forward,Active,2013.0,Y,2013,1.0,23.0,1610612763,1610612748,MEM,MIA
203526,Raul,Neto,R. Neto,19920519,Murcia,Brazil,Murcia/Brazil,6-1,180.0,5,19.0,Guard,Active,2015.0,Y,2013,2.0,47.0,1610612755,0,PHI,
203552,Seth,Curry,S. Curry,19900823,Duke,USA,Duke/USA,6-2,185.0,6,31.0,Guard,Active,2013.0,Y,Undrafted,,,1610612742,0,DAL,
203584,Troy,Daniels,T. Daniels,19910715,Virginia Commonwealth,USA,Virginia Commonwealth/USA,6-4,200.0,7,30.0,Guard,Inactive,2013.0,Y,Undrafted,,,1610612747,1610612743,LAL,DEN
203585,Rodney,McGruder,R. McGruder,19910729,Kansas State,USA,Kansas State/USA,6-4,205.0,4,17.0,Guard,Active,2016.0,Y,Undrafted,,,1610612746,0,LAC,
203648,Thanasis,Antetokounmpo,T. Antetokounmpo,19920718,Panathinaikos,Greece,Panathinaikos/Greece,6-6,219.0,2,43.0,Forward,Active,2015.0,Y,2014,2.0,51.0,1610612749,0,MIL,
203658,Norvel,Pelle,N. Pelle,19930203,Iona,USA,Iona/USA,6-10,231.0,1,14.0,Center,Active,2019.0,Y,Undrafted,,,1610612755,0,PHI,
203705,Josh,Magette,J. Magette,19891128,Alabama Huntsville,USA,Alabama-Huntsville/USA,6-1,160.0,1,,Guard,Inactive,2017.0,Y,2012,0.0,0.0,1610612753,0,ORL,
203894,Shabazz,Napier,S. Napier,19910714,Connecticut,USA,Connecticut/USA,6-0,175.0,6,5.0,Guard,Inactive,2014.0,Y,2014,1.0,24.0,1610612750,1610612764,MIN,WAS
203895,Jordan,McRae,J. McRae,19910328,Tennessee,USA,Tennessee/USA,6-5,179.0,4,52.0,Guard,Inactive,2015.0,Y,2014,2.0,58.0,1610612764,0,WAS,
203897,Zach,LaVine,Z. LaVine,19950310,UCLA,USA,UCLA/USA,6-5,200.0,6,8.0,Guard,Active,2014.0,N,2014,1.0,13.0,1610612741,0,CHI,
203901,Elfrid,Payton,E. Payton,19940222,Louisana-Lafayette,USA,Louisana-Lafayette/USA,6-3,195.0,6,6.0,Guard,Active,2014.0,N,2014,1.0,10.0,1610612752,0,NYK,
203903,Jordan,Clarkson,J. Clarkson,19920607,Missouri,USA,Missouri/USA,6-4,194.0,6,0.0,Guard,Active,2014.0,Y,2014,2.0,46.0,1610612739,1610612762,CLE,UTA
203914,Gary,Harris,G. Harris,19940914,Michigan State,USA,Michigan State/USA,6-4,210.0,6,14.0,Guard,Active,2014.0,N,2014,1.0,19.0,1610612743,0,DEN,
203915,Spencer,Dinwiddie,S. Dinwiddie,19930406,Colorado,USA,Colorado/USA,6-5,215.0,6,26.0,Guard,Active,2014.0,Y,2014,2.0,38.0,1610612751,0,BKN,
203918,Rodney,Hood,R. Hood,19921020,Duke,USA,Duke/USA,6-8,208.0,6,32.0,Guard,Active,2014.0,N,2014,1.0,23.0,1610612757,0,POR,
203920,Khem,Birch,K. Birch,19920928,UNLV,Canada,UNLV/Canada,6-9,233.0,3,24.0,Center,Active,2017.0,Y,Undrafted,,,1610612753,0,ORL,
203922,Glenn,Robinson III,G. Robinson III,19940108,Michigan,USA,Michigan/USA,6-6,222.0,6,,Forward,Inactive,2014.0,Y,2014,2.0,40.0,1610612744,1610612755,GSW,PHI
203924,Jerami,Grant,J. Grant,19940312,Syracuse,USA,Syracuse/USA,6-8,210.0,6,9.0,Forward,Active,2014.0,N,2014,2.0,39.0,1610612743,0,DEN,
203925,Joe,Harris,J. Harris,19910906,Virginia,USA,Virginia/USA,6-6,220.0,6,12.0,Guard,Active,2014.0,Y,2014,2.0,33.0,1610612751,0,BKN,
203926,Doug,McDermott,D. McDermott,19920103,Creighton,USA,Creighton/USA,6-7,225.0,6,20.0,Forward,Active,2014.0,N,2014,1.0,11.0,1610612754,0,IND,
203932,Aaron,Gordon,A. Gordon,19950916,Arizona,USA,Arizona/USA,6-8,235.0,6,50.0,Forward,Active,2014.0,N,2014,1.0,4.0,1610612753,0,ORL,
203933,T.J.,Warren,T. Warren,19930905,North Carolina State,USA,North Carolina State/USA,6-8,220.0,6,1.0,Forward,Active,2014.0,Y,2014,1.0,14.0,1610612754,0,IND,
203935,Marcus,Smart,M. Smart,19940306,Oklahoma State,USA,Oklahoma State/USA,6-3,220.0,6,36.0,Guard,Active,2014.0,Y,2014,1.0,6.0,1610612738,0,BOS,
203937,Kyle,Anderson,K. Anderson,19930920,UCLA,USA,UCLA/USA,6-9,230.0,6,1.0,Forward,Active,2014.0,Y,2014,1.0,30.0,1610612763,0,MEM,
203939,Dwight,Powell,D. Powell,19910720,Stanford,Canada,Stanford/Canada,6-10,240.0,6,7.0,Forward,Active,2014.0,Y,2014,2.0,45.0,1610612742,0,DAL,
203943,Noah,Vonleh,N. Vonleh,19950824,Indiana,USA,Indiana/USA,6-10,257.0,6,,Forward,Inactive,2014.0,Y,2014,1.0,9.0,1610612743,0,DEN,
203944,Julius,Randle,J. Randle,19941129,Kentucky,USA,Kentucky/USA,6-8,250.0,6,30.0,Forward,Active,2014.0,N,2014,1.0,7.0,1610612752,0,NYK,
203952,Andrew,Wiggins,A. Wiggins,19950223,Kansas,Canada,Kansas/Canada,6-7,197.0,6,22.0,Forward,Active,2014.0,N,2014,1.0,1.0,1610612750,1610612744,MIN,GSW
203953,Jabari,Parker,J. Parker,19950315,Duke,USA,Duke/USA,6-8,245.0,6,20.0,Forward,Active,2014.0,N,2014,1.0,2.0,1610612737,1610612758,ATL,SAC
203954,Joel,Embiid,J. Embiid,19940316,Kansas,Cameroon,Kansas/Cameroon,7-0,280.0,4,21.0,Center,Active,2014.0,N,2014,1.0,3.0,1610612755,0,PHI,
203957,Dante,Exum,D. Exum,19950713,Australian Institute of Sport,Australia,Australian Institute of Sport/Australia,6-5,214.0,5,5.0,Guard,Active,2014.0,N,2014,1.0,5.0,1610612762,0,UTA,
203960,JaKarr,Sampson,J. Sampson,19930320,St. John's,USA,St. John's/USA,6-7,214.0,5,14.0,Forward,Active,2014.0,Y,Undrafted,,,1610612754,0,IND,
203967,Dario,Saric,D. Saric,19940408,Anadolu Efes,Croatia,Anadolu Efes/Croatia,6-10,225.0,4,20.0,Forward,Active,2016.0,N,2014,1.0,12.0,1610612756,0,PHX,
203991,Clint,Capela,C. Capela,19940518,Elan Chalon,Switzerland,Elan Chalon/Switzerland,6-10,240.0,6,15.0,Center,Active,2014.0,Y,2014,1.0,25.0,1610612745,0,HOU,
203992,Bogdan,Bogdanovic,B. Bogdanovic,19920818,Fenerbahce,Serbia,Fenerbahce/Serbia,6-6,220.0,3,13.0,Guard,Active,2017.0,N,2014,1.0,27.0,1610612758,0,SAC,
203994,Jusuf,Nurkic,J. Nurkic,19940823,Cedevita,Bosnia and Herzegovina,Cedevita/Bosnia and Herzegovina,6-11,290.0,6,27.0,Center,Active,2014.0,N,2014,1.0,16.0,1610612757,0,POR,
203998,Bruno,Caboclo,B. Caboclo,19950921,,Brazil,Pinheiros/Brazil,6-9,218.0,6,,Forward,Inactive,2014.0,Y,2014,1.0,20.0,1610612763,1610612745,MEM,HOU
203999,Nikola,Jokic,N. Jokic,19950219,Mega Basket,Serbia,Mega Basket/Serbia,6-11,284.0,5,15.0,Center,Active,2015.0,N,2014,2.0,41.0,1610612743,0,DEN,
204001,Kristaps,Porzingis,K. Porzingis,19950802,Cajasol Sevilla,Latvia,Cajasol Sevilla/Latvia,7-3,240.0,4,6.0,Forward,Active,2015.0,N,2015,1.0,4.0,1610612742,0,DAL,
204020,Tyler,Johnson,T. Johnson,19920507,Fresno State,USA,Fresno State/USA,6-3,186.0,6,10.0,Guard,Active,2014.0,Y,Undrafted,,,1610612756,1610612751,PHX,BKN
204025,Tim,Frazier,T. Frazier,19901101,Penn State,USA,Penn State/USA,6-0,170.0,6,10.0,Guard,Active,2014.0,Y,Undrafted,,,1610612765,0,DET,
204038,Langston,Galloway,L. Galloway,19911209,St. Joseph's (PA),USA,St. Joseph's (PA)/USA,6-1,200.0,6,2.0,Guard,Active,2014.0,Y,Undrafted,,,1610612765,0,DET,
204060,Joe,Ingles,J. Ingles,19871002,Maccabi Tel Aviv,Australia,Maccabi Tel Aviv/Australia,6-8,220.0,6,2.0,Forward,Active,2014.0,N,Undrafted,,,1610612762,0,UTA,
204456,T.J.,McConnell,T. McConnell,19920325,Arizona,USA,Arizona/USA,6-1,190.0,5,9.0,Guard,Active,2015.0,N,2015,0.0,,1610612754,0,IND,
1626143,Jahlil,Okafor,J. Okafor,19951215,Duke,USA,Duke/USA,6-10,270.0,5,13.0,Center,Active,2015.0,N,2015,1.0,3.0,1610612740,0,NOP,
1626144,Emmanuel,Mudiay,E. Mudiay,19960305,Guangdong,DRC,Guangdong/DRC,6-3,200.0,5,15.0,Guard,Inactive,2015.0,N,2015,1.0,7.0,1610612762,0,UTA,
1626145,Tyus,Jones,T. Jones,19960510,Duke,USA,Duke/USA,6-0,196.0,5,21.0,Guard,Active,2015.0,Y,2015,1.0,24.0,1610612763,0,MEM,
1626147,Justin,Anderson,J. Anderson,19931119,Virginia,USA,Virginia/USA,6-5,231.0,5,10.0,Forward,Inactive,2015.0,Y,2015,1.0,21.0,1610612751,0,BKN,
1626149,Montrezl,Harrell,M. Harrell,19940126,Louisville,USA,Louisville/USA,6-7,240.0,5,15.0,Forward,Active,2015.0,Y,2015,2.0,32.0,1610612746,0,LAC,
1626153,Delon,Wright,D. Wright,19920426,Utah,USA,Utah/USA,6-5,185.0,5,55.0,Guard,Active,2015.0,Y,2015,1.0,20.0,1610612742,0,DAL,
1626156,D'Angelo,Russell,D. Russell,19960223,Ohio State,USA,Ohio State/USA,6-4,193.0,5,0.0,Guard,Active,2015.0,N,2015,1.0,2.0,1610612744,0,GSW,
1626157,Karl-Anthony,Towns,K. Towns,19951115,Kentucky,USA,Kentucky/USA,6-11,248.0,5,32.0,Center,Active,2015.0,N,2015,1.0,1.0,1610612750,0,MIN,
1626158,Richaun,Holmes,R. Holmes,19931015,Bowling Green,USA,Bowling Green/USA,6-10,235.0,5,22.0,Forward,Active,2015.0,Y,2015,2.0,37.0,1610612758,0,SAC,
1626161,Willie,Cauley-Stein,W. Cauley-Stein,19930818,Kentucky,USA,Kentucky/USA,7-0,240.0,5,33.0,Center,Active,2015.0,N,2015,1.0,6.0,1610612744,0,GSW,
1626162,Kelly,Oubre Jr.,K. Oubre Jr.,19951209,Kansas,USA,Kansas/USA,6-7,203.0,5,12.0,Forward,Active,2015.0,N,2015,1.0,15.0,1610612756,0,PHX,
1626163,Frank,Kaminsky,F. Kaminsky,19930404,Wisconsin,USA,Wisconsin/USA,7-0,240.0,5,8.0,Forward,Active,2015.0,N,2015,1.0,9.0,1610612756,0,PHX,
1626164,Devin,Booker,D. Booker,19961030,Kentucky,USA,Kentucky/USA,6-5,206.0,5,1.0,Guard,Active,2015.0,N,2015,1.0,13.0,1610612756,0,PHX,
1626166,Cameron,Payne,C. Payne,19940808,Murray State,USA,Murray State/USA,6-1,183.0,5,15.0,Guard,Active,2015.0,Y,2015,1.0,14.0,1610612756,0,PHX,
1626167,Myles,Turner,M. Turner,19960324,Texas-Austin,USA,Texas-Austin/USA,6-11,250.0,5,33.0,Center,Active,2015.0,N,2015,1.0,11.0,1610612754,0,IND,
1626168,Trey,Lyles,T. Lyles,19951105,Kentucky,Canada,Kentucky/Canada,6-9,234.0,5,41.0,Forward,Active,2015.0,N,2015,1.0,12.0,1610612759,0,SAS,
1626169,Stanley,Johnson,S. Johnson,19960529,Arizona,USA,Arizona/USA,6-6,242.0,5,5.0,Forward,Active,2015.0,Y,2015,1.0,8.0,1610612761,0,TOR,
1626170,Jerian,Grant,J. Grant,19921009,Notre Dame,USA,Notre Dame/USA,6-4,198.0,5,22.0,Guard,Inactive,2015.0,Y,2015,1.0,19.0,1610612764,0,WAS,
1626171,Bobby,Portis,B. Portis,19950210,Arkansas,USA,Arkansas/USA,6-10,250.0,5,9.0,Forward,Active,2015.0,Y,2015,1.0,22.0,1610612752,0,NYK,
1626172,Kevon,Looney,K. Looney,19960206,UCLA,USA,UCLA/USA,6-9,222.0,5,5.0,Forward,Active,2015.0,Y,2015,1.0,30.0,1610612744,0,GSW,
1626174,Christian,Wood,C. Wood,19950927,UNLV,USA,UNLV/USA,6-10,214.0,4,35.0,Forward,Active,2015.0,Y,Undrafted,,,1610612765,0,DET,
1626178,Rondae,Hollis-Jefferson,R. Hollis-Jefferson,19950103,Arizona,USA,Arizona/USA,6-6,217.0,5,2.0,Forward,Active,2015.0,N,2015,1.0,23.0,1610612761,0,TOR,
1626179,Terry,Rozier,T. Rozier,19940317,Louisville,USA,Louisville/USA,6-1,190.0,5,3.0,Guard,Active,2015.0,Y,2015,1.0,16.0,1610612766,0,CHA,
1626181,Norman,Powell,N. Powell,19930525,UCLA,USA,UCLA/USA,6-3,215.0,5,24.0,Guard,Active,2015.0,Y,2015,2.0,46.0,1610612761,0,TOR,
1626184,Chasson,Randle,C. Randle,19930205,Stanford,USA,Stanford/USA,6-2,185.0,3,25.0,Guard,Active,2016.0,Y,2015,,,1610612744,0,GSW,
1626187,Michael,Frazier II,M. Frazier II,19940308,Florida,USA,Florida/USA,6-3,200.0,1,21.0,Guard,Inactive,2018.0,Y,Undrafted,,,1610612745,0,HOU,
1626188,Quinn,Cook,Q. Cook,19930323,Duke,USA,Duke/USA,6-1,180.0,4,,Guard,Inactive,2016.0,Y,Undrafted,,,1610612747,0,LAL,
1626192,Pat,Connaughton,P. Connaughton,19930106,Notre Dame,USA,Notre Dame/USA,6-5,209.0,5,24.0,Guard,Active,2015.0,N,2015,2.0,41.0,1610612749,0,MIL,
1626196,Josh,Richardson,J. Richardson,19930915,Tennessee,USA,Tennessee/USA,6-5,200.0,5,0.0,Guard,Active,2015.0,Y,2015,2.0,40.0,1610612755,0,PHI,
1626203,Treveon,Graham,T. Graham,19931028,Va Commonwealth,USA,Virginia Commonwealth/USA,6-5,219.0,4,2.0,Guard,Inactive,2016.0,Y,Undrafted,,,1610612750,1610612737,MIN,ATL
1626204,Larry,Nance Jr.,L. Nance Jr.,19930101,Wyoming,USA,Wyoming/USA,6-7,245.0,5,22.0,Forward,Active,2015.0,N,2015,1.0,27.0,1610612739,0,CLE,
1626209,Mario,Hezonja,M. Hezonja,19950225,,Croatia,FC Barcelona/Croatia,6-8,220.0,5,44.0,Forward,Inactive,2015.0,N,2015,1.0,5.0,1610612757,0,POR,
1626220,Royce,O'Neale,R. O'Neale,19930605,Baylor,USA,Baylor/USA,6-4,226.0,3,23.0,Forward,Active,2017.0,Y,Undrafted,,,1610612762,0,UTA,
1626224,Cedi,Osman,C. Osman,19950408,Anadolu Efes,Turkey,Anadolu Efes/Turkey,6-7,230.0,3,16.0,Forward,Active,2017.0,Y,2015,2.0,31.0,1610612739,0,CLE,
1626245,Cristiano,Felicio,C. Felicio,19920707,Flamengo,Brazil,Flamengo/Brazil,6-11,270.0,5,6.0,Forward,Active,2015.0,Y,Undrafted,,,1610612741,0,CHI,
1626246,Boban,Marjanovic,B. Marjanovic,19880815,Crvena zvezda,Serbia,Crvena zvezda/Serbia,7-4,290.0,5,51.0,Center,Active,2015.0,Y,Undrafted,,,1610612742,0,DAL,
1626259,Malcolm,Miller,M. Miller,19930306,Holy Cross,USA,Holy Cross/USA,6-7,210.0,3,13.0,Guard,Inactive,2017.0,Y,Undrafted,,,1610612761,0,TOR,
1627732,Ben,Simmons,B. Simmons,19960720,Louisiana State,Australia,Louisiana State/Australia,6-11,240.0,3,25.0,Guard,Active,2016.0,N,2016,1.0,1.0,1610612755,0,PHI,
1627733,Dragan,Bender,D. Bender,19971117,,Croatia,Maccabi Tel Aviv/Croatia,7-0,249.0,3,,Forward,Inactive,2016.0,Y,2016,1.0,4.0,1610612744,0,GSW,
1627734,Domantas,Sabonis,D. Sabonis,19960503,Gonzaga,Lithuania,Gonzaga/Lithuania,6-11,240.0,4,11.0,Forward,Active,2016.0,N,2016,1.0,11.0,1610612754,0,IND,
1627736,Malik,Beasley,M. Beasley,19961126,Florida State,USA,Florida State/USA,6-4,187.0,4,5.0,Guard,Active,2016.0,Y,2016,1.0,19.0,1610612743,0,DEN,
1627737,Marquese,Chriss,M. Chriss,19970702,Washington,USA,Washington/USA,6-9,240.0,4,,Forward,Inactive,2016.0,N,2016,1.0,8.0,1610612744,0,GSW,
1627741,Buddy,Hield,B. Hield,19921217,Oklahoma,Bahamas,Oklahoma/Bahamas,6-4,220.0,4,24.0,Guard,Active,2016.0,N,2016,1.0,6.0,1610612758,0,SAC,
1627742,Brandon,Ingram,B. Ingram,19970902,Duke,USA,Duke/USA,6-8,190.0,4,14.0,Forward,Active,2016.0,N,2016,1.0,2.0,1610612740,0,NOP,
1627745,Damian,Jones,D. Jones,19950630,Vanderbilt,USA,Vanderbilt/USA,6-11,245.0,4,15.0,Center,Active,2016.0,Y,2016,1.0,30.0,1610612737,0,ATL,
1627746,Skal,Labissiere,S. Labissiere,19960318,Kentucky,Haiti,Kentucky/Haiti,6-10,235.0,4,7.0,Forward,Inactive,2016.0,Y,2016,1.0,28.0,1610612757,0,POR,
1627747,Caris,LeVert,C. LeVert,19940825,Michigan,USA,Michigan/USA,6-6,205.0,4,22.0,Guard,Active,2016.0,N,2016,1.0,20.0,1610612751,0,BKN,
1627748,Thon,Maker,T. Maker,19970225,,South Sudan,Athlete Institute Prep/South Sudan,7-0,221.0,4,,Forward,Inactive,2016.0,N,2016,1.0,10.0,1610612765,0,DET,
1627749,Dejounte,Murray,D. Murray,19960919,Washington,USA,Washington/USA,6-4,180.0,3,5.0,Guard,Active,2016.0,Y,2016,1.0,29.0,1610612759,0,SAS,
1627750,Jamal,Murray,J. Murray,19970223,Kentucky,Canada,Kentucky/Canada,6-3,215.0,4,27.0,Guard,Active,2016.0,N,2016,1.0,7.0,1610612743,0,DEN,
1627751,Jakob,Poeltl,J. Poeltl,19951015,Utah,Austria,Utah/Austria,7-1,245.0,4,25.0,Center,Active,2016.0,Y,2016,1.0,9.0,1610612759,0,SAS,
1627752,Taurean,Prince,T. Prince,19940322,Baylor,USA,Baylor/USA,6-7,218.0,4,12.0,Forward,Active,2016.0,Y,2016,1.0,12.0,1610612751,0,BKN,
1627759,Jaylen,Brown,J. Brown,19961024,California,USA,California/USA,6-6,223.0,4,7.0,Guard,Active,2016.0,N,2016,1.0,3.0,1610612738,0,BOS,
1627761,DeAndre',Bembry,D. Bembry,19940704,St. Joseph's (PA),USA,St. Joseph's (PA)/USA,6-5,210.0,4,95.0,Guard,Active,2016.0,Y,2016,1.0,21.0,1610612737,0,ATL,
1627763,Malcolm,Brogdon,M. Brogdon,19921211,Virginia,USA,Virginia/USA,6-5,229.0,4,7.0,Guard,Active,2016.0,N,2016,2.0,36.0,1610612754,0,IND,
1627767,Cheick,Diallo,C. Diallo,19960913,Kansas,Mali,Kansas/Mali,6-8,219.0,4,14.0,Forward,Inactive,2016.0,Y,2016,2.0,33.0,1610612756,0,PHX,
1627775,Patrick,McCaw,P. McCaw,19951025,UNLV,USA,UNLV/USA,6-7,181.0,4,,Guard,Inactive,2016.0,Y,2016,2.0,38.0,1610612761,0,TOR,
1627777,Georges,Niang,G. Niang,19930617,Iowa State,USA,Iowa State/USA,6-7,230.0,4,31.0,Forward,Active,2016.0,Y,2016,2.0,50.0,1610612762,0,UTA,
1627780,Gary,Payton II,G. Payton II,19921201,Oregon State,USA,Oregon State/USA,6-3,195.0,4,,Guard,Inactive,2016.0,Y,Undrafted,,,1610612764,0,WAS,
1627783,Pascal,Siakam,P. Siakam,19940402,New Mexico State,Cameroon,New Mexico State/Cameroon,6-9,230.0,4,43.0,Forward,Active,2016.0,Y,2016,1.0,27.0,1610612761,0,TOR,
1627784,Jarrod,Uthoff,J. Uthoff,19930519,Iowa,USA,Iowa/USA,6-9,220.0,2,7.0,Forward,Inactive,2016.0,Y,Undrafted,,,1610612764,0,WAS,
1627788,Furkan,Korkmaz,F. Korkmaz,19970724,Anadolu Efes,Turkey,Anadolu Efes/Turkey,6-7,202.0,3,30.0,Guard,Active,2017.0,Y,2016,1.0,26.0,1610612755,0,PHI,
1627789,Timothe,Luwawu-Cabarrot,T. Luwawu-Cabarrot,19950509,Mega Basket,France,Mega Basket/France,6-7,220.0,4,9.0,Guard,Active,2016.0,Y,2016,1.0,24.0,1610612751,0,BKN,
1627790,Ante,Zizic,A. Zizic,19970104,,Croatia,Darussafaka/Croatia,6-10,266.0,3,41.0,Center,Inactive,2017.0,Y,2016,1.0,23.0,1610612739,0,CLE,
1627812,Yogi,Ferrell,Y. Ferrell,19930509,Indiana,USA,Indiana/USA,6-0,178.0,4,11.0,Guard,Active,2016.0,Y,Undrafted,,,1610612758,0,SAC,
1627814,Damion,Lee,D. Lee,19921021,Louisville,USA,Louisville/USA,6-5,210.0,3,1.0,Guard,Active,2017.0,Y,Undrafted,,,1610612744,0,GSW,
1627820,Tyrone,Wallace,T. Wallace,19940610,California,USA,California/USA,6-5,198.0,2,,Guard,Inactive,2017.0,Y,2016,2.0,60.0,1610612737,0,ATL,
1627823,Juancho,Hernangomez,J. Hernangomez,19950928,Estudiantes,Spain,Estudiantes/Spain,6-9,214.0,4,41.0,Forward,Active,2016.0,Y,2016,1.0,15.0,1610612743,0,DEN,
1627826,Ivica,Zubac,I. Zubac,19970318,Mega Basket,Croatia,Mega Basket/Croatia,7-0,240.0,4,40.0,Center,Active,2016.0,Y,2016,2.0,32.0,1610612746,0,LAC,
1627827,Dorian,Finney-Smith,D. Finney-Smith,19930504,Florida,USA,Florida/USA,6-7,220.0,4,10.0,Forward,Active,2016.0,N,Undrafted,,,1610612742,0,DAL,
1627832,Fred,VanVleet,F. VanVleet,19940225,Wichita State,USA,Wichita State/USA,6-1,197.0,4,23.0,Guard,Active,2016.0,Y,Undrafted,,,1610612761,0,TOR,
1627846,Abdel,Nader,A. Nader,19930925,Iowa State,Egypt,Iowa State/Egypt,6-5,225.0,3,11.0,Forward,Active,2017.0,Y,2016,2.0,58.0,1610612760,0,OKC,
1627853,Ryan,Arcidiacono,R. Arcidiacono,19940326,Villanova,USA,Villanova/USA,6-3,195.0,3,51.0,Guard,Active,2017.0,Y,Undrafted,,,1610612741,0,CHI,
1627854,Bryn,Forbes,B. Forbes,19930723,Michigan State,USA,Michigan State/USA,6-2,205.0,4,7.0,Guard,Active,2016.0,Y,Undrafted,,,1610612759,0,SAS,
1627863,Danuel,House Jr.,D. House Jr.,19930607,Texas A&M,USA,Texas A&M/USA,6-6,220.0,4,4.0,Forward,Active,2016.0,Y,Undrafted,,,1610612745,0,HOU,
1627884,Derrick,Jones Jr.,D. Jones Jr.,19970215,UNLV,USA,UNLV/USA,6-5,210.0,4,5.0,Forward,Active,2016.0,Y,Undrafted,,,1610612748,0,MIA,
1627885,Shaquille,Harrison,S. Harrison,19931006,Tulsa,USA,Tulsa/USA,6-7,190.0,3,3.0,Guard,Active,2017.0,Y,Undrafted,,,1610612741,0,CHI,
1627936,Alex,Caruso,A. Caruso,19940228,Texas A&M,USA,Texas A&M/USA,6-4,186.0,3,4.0,Guard,Active,2017.0,Y,Undrafted,,,1610612747,0,LAL,
1628035,Alfonzo,McKinnie,A. McKinnie,19920917,Wisconsin-Green Bay,USA,Wisconsin-Green Bay/USA,6-7,215.0,3,28.0,Forward,Active,2017.0,Y,Undrafted,,,1610612739,0,CLE,
1628365,Markelle,Fultz,M. Fultz,19980529,Washington,USA,Washington/USA,6-3,209.0,3,20.0,Guard,Active,2017.0,N,2017,1.0,1.0,1610612753,0,ORL,
1628366,Lonzo,Ball,L. Ball,19971027,UCLA,USA,UCLA/USA,6-6,190.0,3,2.0,Guard,Active,2017.0,N,2017,1.0,2.0,1610612740,0,NOP,
1628368,De'Aaron,Fox,D. Fox,19971220,Kentucky,USA,Kentucky/USA,6-3,185.0,3,5.0,Guard,Active,2017.0,N,2017,1.0,5.0,1610612758,0,SAC,
1628369,Jayson,Tatum,J. Tatum,19980303,Duke,USA,Duke/USA,6-8,210.0,3,0.0,Forward,Active,2017.0,N,2017,1.0,3.0,1610612738,0,BOS,
1628370,Malik,Monk,M. Monk,19980204,Kentucky,USA,Kentucky/USA,6-3,200.0,3,1.0,Guard,Active,2017.0,Y,2017,1.0,11.0,1610612766,0,CHA,
1628371,Jonathan,Isaac,J. Isaac,19971003,Florida State,USA,Florida State/USA,6-11,230.0,3,1.0,Forward,Active,2017.0,Y,2017,1.0,6.0,1610612753,0,ORL,
1628372,Dennis,Smith Jr.,D. Smith Jr.,19971125,North Carolina State,USA,North Carolina State/USA,6-2,205.0,3,0.0,Guard,Active,2017.0,N,2017,1.0,9.0,1610612752,0,NYK,
1628373,Frank,Ntilikina,F. Ntilikina,19980728,Strasbourg IG,France,Strasbourg IG/France,6-4,200.0,3,11.0,Guard,Active,2017.0,N,2017,1.0,8.0,1610612752,0,NYK,
1628378,Donovan,Mitchell,D. Mitchell,19960907,Louisville,USA,Louisville/USA,6-1,215.0,3,45.0,Guard,Active,2017.0,N,2017,1.0,13.0,1610612762,0,UTA,
1628379,Luke,Kennard,L. Kennard,19960624,Duke,USA,Duke/USA,6-5,206.0,3,5.0,Guard,Active,2017.0,Y,2017,1.0,12.0,1610612765,0,DET,
1628380,Zach,Collins,Z. Collins,19971119,Gonzaga,USA,Gonzaga/USA,6-11,250.0,3,33.0,Forward,Active,2017.0,N,2017,1.0,10.0,1610612757,0,POR,
1628381,John,Collins,J. Collins,19970923,Wake Forest,USA,Wake Forest/USA,6-9,235.0,3,20.0,Forward,Active,2017.0,N,2017,1.0,19.0,1610612737,0,ATL,
1628382,Justin,Jackson,J. Jackson,19950328,North Carolina,USA,North Carolina/USA,6-8,220.0,3,44.0,Forward,Active,2017.0,Y,2017,1.0,15.0,1610612742,0,DAL,
1628384,OG,Anunoby,O. Anunoby,19970717,Indiana,United Kingdom,Indiana/United Kingdom,6-7,232.0,3,3.0,Forward,Active,2017.0,N,2017,1.0,23.0,1610612761,0,TOR,
1628385,Harry,Giles III,H. Giles III,19980422,Duke,USA,Duke/USA,6-11,240.0,2,4.0,Forward,Active,2017.0,Y,2017,1.0,20.0,1610612758,0,SAC,
1628386,Jarrett,Allen,J. Allen,19980421,Texas-Austin,USA,Texas-Austin/USA,6-11,243.0,3,31.0,Center,Active,2017.0,N,2017,1.0,22.0,1610612751,0,BKN,
1628388,T.J.,Leaf,T. Leaf,19970430,UCLA,USA,UCLA/USA,6-10,222.0,3,18.0,Forward,Active,2017.0,Y,2017,1.0,18.0,1610612754,0,IND,
1628389,Bam,Adebayo,B. Adebayo,19970718,Kentucky,USA,Kentucky/USA,6-9,255.0,3,13.0,Center,Active,2017.0,N,2017,1.0,14.0,1610612748,0,MIA,
1628390,Terrance,Ferguson,T. Ferguson,19980517,,USA,Adelaide/USA,6-6,190.0,3,,Guard,Inactive,2017.0,Y,2017,1.0,21.0,1610612760,0,OKC,
1628391,D.J.,Wilson,D. Wilson,19960219,Michigan,USA,Michigan/USA,6-10,231.0,3,0.0,Forward,Active,2017.0,Y,2017,1.0,17.0,1610612749,0,MIL,
1628394,Anzejs,Pasecniks,A. Pasecniks,19951220,,Latvia,Gran Canaria/Latvia,7-1,229.0,1,,Center,Inactive,2019.0,Y,2017,1.0,25.0,1610612764,0,WAS,
1628396,Tony,Bradley,T. Bradley,19980108,North Carolina,USA,North Carolina/USA,6-10,248.0,3,13.0,Center,Active,2017.0,Y,2017,1.0,28.0,1610612762,0,UTA,
1628398,Kyle,Kuzma,K. Kuzma,19950724,Utah,USA,Utah/USA,6-10,221.0,3,0.0,Forward,Active,2017.0,N,2017,1.0,27.0,1610612747,0,LAL,
1628400,Semi,Ojeleye,S. Ojeleye,19941205,Southern Methodist,USA,Southern Methodist/USA,6-6,240.0,3,37.0,Forward,Active,2017.0,N,2017,2.0,37.0,1610612738,0,BOS,
1628401,Derrick,White,D. White,19940702,Colorado,USA,Colorado/USA,6-4,190.0,3,4.0,Guard,Active,2017.0,Y,2017,1.0,29.0,1610612759,0,SAS,
1628402,Frank,Jackson,F. Jackson,19980504,Duke,USA,Duke/USA,6-3,205.0,2,5.0,Guard,Active,2017.0,Y,2017,2.0,31.0,1610612740,0,NOP,
1628404,Josh,Hart,J. Hart,19950306,Villanova,USA,Villanova/USA,6-5,215.0,3,3.0,Guard,Active,2017.0,Y,2017,1.0,30.0,1610612740,0,NOP,
1628408,PJ,Dozier,P. Dozier,19961025,South Carolina,USA,South Carolina/USA,6-6,205.0,3,35.0,Guard,Active,2017.0,Y,Undrafted,,,1610612743,0,DEN,
1628410,Edmond,Sumner,E. Sumner,19951231,Xavier,USA,Xavier/USA,6-4,196.0,3,5.0,Guard,Active,2017.0,Y,2017,2.0,52.0,1610612754,0,IND,
1628411,Wes,Iwundu,W. Iwundu,19941220,Kansas State,USA,Kansas State/USA,6-6,195.0,3,4.0,Forward,Active,2017.0,Y,2017,2.0,33.0,1610612753,0,ORL,
1628412,Frank,Mason,F. Mason,19940403,Kansas,USA,Kansas/USA,5-11,190.0,3,,Guard,Inactive,2017.0,Y,2017,2.0,34.0,1610612749,0,MIL,
1628415,Dillon,Brooks,D. Brooks,19960122,Oregon,Canada,Oregon/Canada,6-7,225.0,3,24.0,Guard,Active,2017.0,N,2017,2.0,45.0,1610612763,0,MEM,
1628418,Thomas,Bryant,T. Bryant,19970731,Indiana,USA,Indiana/USA,6-10,248.0,3,13.0,Center,Active,2017.0,Y,2017,2.0,42.0,1610612764,0,WAS,
1628420,Monte,Morris,M. Morris,19950627,Iowa State,USA,Iowa State/USA,6-2,183.0,3,11.0,Guard,Active,2017.0,Y,2017,2.0,51.0,1610612743,0,DEN,
1628422,Damyean,Dotson,D. Dotson,19940506,Houston,USA,Houston/USA,6-5,210.0,3,21.0,Guard,Active,2017.0,Y,2017,2.0,44.0,1610612752,0,NYK,
1628425,Sterling,Brown,S. Brown,19950210,Southern Methodist,USA,Southern Methodist/USA,6-5,219.0,3,0.0,Guard,Active,2017.0,Y,2017,2.0,46.0,1610612749,0,MIL,
1628427,Vlatko,Cancar,V. Cancar,19970410,San Pablo Burgos,Slovenia,San Pablo Burgos/Slovenia,6-8,236.0,1,31.0,Forward,Active,2019.0,Y,2017,2.0,49.0,1610612743,0,DEN,
1628430,Nigel,Williams-Goss,N. Williams-Goss,19940916,Gonzaga,USA,Gonzaga/USA,6-2,190.0,1,0.0,Guard,Inactive,2019.0,Y,2017,2.0,55.0,1610612762,0,UTA,
1628436,Luke,Kornet,L. Kornet,19950715,Vanderbilt,USA,Vanderbilt/USA,7-2,250.0,3,40.0,Forward,Active,2017.0,Y,Undrafted,,,1610612741,0,CHI,
1628443,Kadeem,Allen,K. Allen,19930115,Arizona,USA,Arizona/USA,6-1,200.0,2,,Guard,Inactive,2017.0,Y,2017,2.0,53.0,1610612752,0,NYK,
1628449,Chris,Boucher,C. Boucher,19930111,Oregon,Saint Lucia,Oregon/Saint Lucia,6-9,200.0,3,25.0,Forward,Active,2017.0,Y,Undrafted,,,1610612761,0,TOR,
1628464,Daniel,Theis,D. Theis,19920404,Brose Bamberg,Germany,Brose Bamberg/Germany,6-8,245.0,3,27.0,Forward,Active,2017.0,N,Undrafted,,,1610612738,0,BOS,
1628467,Maxi,Kleber,M. Kleber,19920129,Bayern Munich,Germany,Bayern Munich/Germany,6-10,240.0,3,42.0,Forward,Active,2017.0,N,Undrafted,,,1610612742,0,DAL,
1628470,Torrey,Craig,T. Craig,19901219,South Carolina Upstate,USA,South Carolina Upstate/USA,6-7,221.0,3,12.0,Forward,Active,2017.0,Y,Undrafted,,,1610612743,0,DEN,
1628476,Derrick,Walton Jr.,D. Walton Jr.,19950403,Michigan,USA,Michigan/USA,6-0,185.0,2,,Guard,Inactive,2017.0,Y,Undrafted,,,1610612746,0,LAC,
1628499,Antonius,Cleveland,A. Cleveland,19940202,Southeast Missouri,USA,Southeast Missouri/USA,6-5,195.0,2,3.0,Guard,Inactive,2017.0,Y,Undrafted,,,1610612742,0,DAL,
1628513,Naz,Mitrou-Long,N. Mitrou-Long,19930803,Iowa State,Canada,Iowa State/Canada,6-3,218.0,3,15.0,Guard,Inactive,2017.0,Y,Undrafted,,,1610612754,0,IND,
1628518,Amile,Jefferson,A. Jefferson,19930507,Duke,USA,Duke/USA,6-9,222.0,2,,Forward,Inactive,2017.0,Y,2017,,,1610612753,0,ORL,
1628539,Mychal,Mulder,M. Mulder,19940612,Kentucky,Canada,Kentucky/Canada,6-3,184.0,1,15.0,Guard,Active,2019.0,Y,Undrafted,,,1610612744,0,GSW,
1628778,Paul,Watson,P. Watson,19941230,Fresno State,USA,Fresno State/USA,6-6,210.0,1,1.0,Guard,Active,2019.0,Y,Undrafted,,,1610612761,0,TOR,
1628960,Grayson,Allen,G. Allen,19951008,Duke,USA,Duke/USA,6-4,198.0,2,3.0,Guard,Active,2018.0,Y,2018,1.0,21.0,1610612763,0,MEM,
1628961,Kostas,Antetokounmpo,K. Antetokounmpo,19971120,Dayton,Greece,Dayton/Greece,6-10,200.0,2,37.0,Forward,Active,2018.0,Y,2018,2.0,60.0,1610612747,0,LAL,
1628963,Marvin,Bagley III,M. Bagley III,19990314,Duke,USA,Duke/USA,6-11,235.0,2,35.0,Forward,Active,2018.0,N,2018,1.0,2.0,1610612758,0,SAC,
1628964,Mo,Bamba,M. Bamba,19980512,Texas-Austin,USA,Texas-Austin/USA,7-0,231.0,2,5.0,Center,Active,2018.0,N,2018,1.0,6.0,1610612753,0,ORL,
1628966,Keita,Bates-Diop,K. Bates-Diop,19960123,Ohio State,USA,Ohio State/USA,6-8,229.0,2,31.0,Forward,Active,2018.0,Y,2018,2.0,48.0,1610612750,1610612743,MIN,DEN
1628969,Mikal,Bridges,M. Bridges,19960830,Villanova,USA,Villanova/USA,6-6,209.0,2,25.0,Forward,Active,2018.0,N,2018,1.0,10.0,1610612756,0,PHX,
1628970,Miles,Bridges,M. Bridges,19980321,Michigan State,USA,Michigan State/USA,6-6,225.0,2,0.0,Forward,Active,2018.0,N,2018,1.0,12.0,1610612766,0,CHA,
1628971,Bruce,Brown,B. Brown,19960815,Miami,USA,Miami/USA,6-4,202.0,2,1.0,Guard,Active,2018.0,Y,2018,2.0,42.0,1610612765,0,DET,
1628972,Troy,Brown Jr.,T. Brown Jr.,19990728,Oregon,USA,Oregon/USA,6-6,215.0,2,7.0,Guard,Active,2018.0,Y,2018,1.0,15.0,1610612764,0,WAS,
1628973,Jalen,Brunson,J. Brunson,19960831,Villanova,USA,Villanova/USA,6-1,190.0,2,13.0,Guard,Active,2018.0,N,2018,2.0,33.0,1610612742,0,DAL,
1628975,Jevon,Carter,J. Carter,19950914,West Virginia,USA,West Virginia/USA,6-1,200.0,2,4.0,Guard,Active,2018.0,Y,2018,2.0,32.0,1610612756,0,PHX,
1628977,Hamidou,Diallo,H. Diallo,19980731,Kentucky,USA,Kentucky/USA,6-5,202.0,2,6.0,Guard,Active,2018.0,Y,2018,2.0,45.0,1610612760,0,OKC,
1628978,Donte,DiVincenzo,D. DiVincenzo,19970131,Villanova,USA,Villanova/USA,6-4,203.0,2,0.0,Guard,Active,2018.0,Y,2018,1.0,17.0,1610612749,0,MIL,
1628980,Jacob,Evans,J. Evans,19970618,Cincinnati,USA,Cincinnati/USA,6-4,210.0,2,12.0,Guard,Inactive,2018.0,Y,2018,1.0,28.0,1610612744,0,GSW,
1628981,Bruno,Fernando,B. Fernando,19980815,Maryland,Angola,Maryland/Angola,6-9,240.0,1,24.0,Forward,Active,2019.0,Y,2019,2.0,34.0,1610612737,0,ATL,
1628982,Melvin,Frazier Jr.,M. Frazier Jr.,19960830,Tulane,USA,Tulane/USA,6-5,215.0,2,35.0,Guard,Inactive,2018.0,Y,2018,2.0,35.0,1610612753,0,ORL,
1628983,Shai,Gilgeous-Alexander,S. Gilgeous-Alexander,19980712,Kentucky,Canada,Kentucky/Canada,6-6,180.0,2,2.0,Guard,Active,2018.0,N,2018,1.0,11.0,1610612760,0,OKC,
1628984,Devonte',Graham,D. Graham,19950222,Kansas,USA,Kansas/USA,6-1,195.0,2,4.0,Guard,Active,2018.0,Y,2018,2.0,34.0,1610612766,0,CHA,
1628985,Devon,Hall,D. Hall,19950707,Virginia,USA,Virginia/USA,6-5,215.0,1,14.0,Guard,Inactive,2019.0,Y,2018,2.0,53.0,1610612760,0,OKC,
1628987,Kevin,Hervey,K. Hervey,19960709,Texas-Arlington,USA,Texas-Arlington/USA,6-9,230.0,1,15.0,Forward,Inactive,2019.0,Y,2018,2.0,57.0,1610612760,0,OKC,
1628988,Aaron,Holiday,A. Holiday,19960930,UCLA,USA,UCLA/USA,6-0,185.0,2,3.0,Guard,Active,2018.0,N,2018,1.0,23.0,1610612754,0,IND,
1628989,Kevin,Huerter,K. Huerter,19980827,Maryland,USA,Maryland/USA,6-7,190.0,2,3.0,Guard,Active,2018.0,N,2018,1.0,19.0,1610612737,0,ATL,
1628990,Chandler,Hutchison,C. Hutchison,19960426,Boise State,USA,Boise State/USA,6-6,210.0,2,1.0,Forward,Active,2018.0,Y,2018,1.0,22.0,1610612741,0,CHI,
1628991,Jaren,Jackson Jr.,J. Jackson Jr.,19990915,Michigan State,USA,Michigan State/USA,6-11,242.0,2,13.0,Forward,Active,2018.0,N,2018,1.0,4.0,1610612763,0,MEM,
1628993,Alize,Johnson,A. Johnson,19960422,Missouri State,USA,Missouri State/USA,6-7,212.0,2,24.0,Forward,Active,2018.0,Y,2018,2.0,50.0,1610612754,0,IND,
1628995,Kevin,Knox II,K. Knox II,19990811,Kentucky,USA,Kentucky/USA,6-7,215.0,2,20.0,Forward,Active,2018.0,N,2018,1.0,9.0,1610612752,0,NYK,
1629001,De'Anthony,Melton,D. Melton,19980528,Southern California,USA,Southern California/USA,6-2,200.0,2,0.0,Guard,Active,2018.0,Y,2018,2.0,46.0,1610612763,0,MEM,
1629002,Chimezie,Metu,C. Metu,19970322,Southern California,USA,Southern California/USA,6-9,225.0,2,25.0,Forward,Active,2018.0,Y,2018,2.0,49.0,1610612759,0,SAS,
1629003,Shake,Milton,S. Milton,19960926,Southern Methodist,USA,Southern Methodist/USA,6-5,205.0,2,18.0,Guard,Active,2018.0,Y,2018,2.0,54.0,1610612755,0,PHI,
1629004,Svi,Mykhailiuk,S. Mykhailiuk,19970610,Kansas,Ukraine,Kansas/Ukraine,6-7,205.0,2,14.0,Guard,Active,2018.0,Y,2018,2.0,47.0,1610612765,0,DET,
1629006,Josh,Okogie,J. Okogie,19980901,Georgia Tech,Nigeria,Georgia Tech/Nigeria,6-4,213.0,2,20.0,Guard,Active,2018.0,N,2018,1.0,20.0,1610612750,0,MIN,
1629008,Michael,Porter Jr.,M. Porter Jr.,19980629,Missouri,USA,Missouri/USA,6-10,218.0,1,1.0,Forward,Active,2018.0,N,2018,1.0,14.0,1610612743,0,DEN,
1629010,Jerome,Robinson,J. Robinson,19970222,Boston College,USA,Boston College/USA,6-4,190.0,2,,Guard,Inactive,2018.0,Y,2018,1.0,13.0,1610612746,1610612764,LAC,WAS
1629011,Mitchell,Robinson,M. Robinson,19980401,Western Kentucky,USA,Western Kentucky/USA,7-0,240.0,2,23.0,Center,Active,2018.0,N,2018,2.0,36.0,1610612752,0,NYK,
1629012,Collin,Sexton,C. Sexton,19990104,Alabama,USA,Alabama/USA,6-1,190.0,2,2.0,Guard,Active,2018.0,N,2018,1.0,8.0,1610612739,0,CLE,
1629013,Landry,Shamet,L. Shamet,19970313,Wichita State,USA,Wichita State/USA,6-4,190.0,2,20.0,Guard,Active,2018.0,N,2018,1.0,26.0,1610612746,0,LAC,
1629014,Anfernee,Simons,A. Simons,19990608,Edgewater HS (FL),USA,Edgewater HS (FL)/USA,6-3,181.0,2,1.0,Guard,Active,2018.0,Y,2018,1.0,24.0,1610612757,0,POR,
1629015,Zhaire,Smith,Z. Smith,19990604,Texas Tech,USA,Texas Tech/USA,6-3,205.0,2,5.0,Guard,Inactive,2018.0,Y,2018,1.0,16.0,1610612755,0,PHI,
1629016,Omari,Spellman,O. Spellman,19970721,Villanova,USA,Villanova/USA,6-8,245.0,2,14.0,Forward,Inactive,2018.0,Y,2018,1.0,30.0,1610612744,0,GSW,
1629018,Gary,Trent Jr.,G. Trent Jr.,19990118,Duke,USA,Duke/USA,6-5,209.0,2,33.0,Guard,Active,2018.0,Y,2018,2.0,37.0,1610612757,0,POR,
1629021,Moritz,Wagner,M. Wagner,19970426,Michigan,Germany,Michigan/Germany,6-11,245.0,2,21.0,Forward,Active,2018.0,Y,2018,1.0,25.0,1610612764,0,WAS,
1629022,Lonnie,Walker IV,L. Walker IV,19981214,Miami,USA,Miami/USA,6-4,204.0,2,1.0,Guard,Active,2018.0,Y,2018,1.0,18.0,1610612759,0,SAS,
1629023,P.J.,Washington,P. Washington,19980823,Kentucky,USA,Kentucky/USA,6-7,230.0,1,25.0,Forward,Active,2019.0,N,2019,1.0,12.0,1610612766,0,CHA,
1629026,Kenrich,Williams,K. Williams,19941202,TCU,USA,TCU/USA,6-6,210.0,2,34.0,Guard,Active,2018.0,Y,Undrafted,,,1610612740,0,NOP,
1629027,Trae,Young,T. Young,19980919,Oklahoma,USA,Oklahoma/USA,6-1,180.0,2,11.0,Guard,Active,2018.0,N,2018,1.0,5.0,1610612737,0,ATL,
1629028,Deandre,Ayton,D. Ayton,19980723,Arizona,Bahamas,Arizona/Bahamas,6-11,250.0,2,22.0,Center,Active,2018.0,N,2018,1.0,1.0,1610612756,0,PHX,
1629029,Luka,Doncic,L. Doncic,19990228,Real Madrid,Slovenia,Real Madrid/Slovenia,6-7,230.0,2,77.0,Forward,Active,2018.0,N,2018,1.0,3.0,1610612742,0,DAL,
1629033,Theo,Pinson,T. Pinson,19951105,North Carolina,USA,North Carolina/USA,6-5,212.0,2,21.0,Guard,Active,2018.0,Y,Undrafted,,,1610612751,0,BKN,
1629035,Carsen,Edwards,C. Edwards,19980312,Purdue,USA,Purdue/USA,5-11,200.0,1,4.0,Guard,Active,2019.0,Y,2019,2.0,33.0,1610612738,0,BOS,
1629048,Goga,Bitadze,G. Bitadze,19990720,Mega Basket,Georgia,Mega Basket/Georgia,6-11,250.0,1,88.0,Center,Active,2019.0,Y,2019,1.0,18.0,1610612754,0,IND,
1629056,Terence,Davis,T. Davis,19970516,Mississippi,USA,Mississippi/USA,6-4,201.0,1,9.0,Guard,Active,2019.0,N,Undrafted,,,1610612761,0,TOR,
1629057,Robert,Williams III,R. Williams III,19971017,Texas A&M,USA,Texas A&M/USA,6-8,237.0,2,44.0,Center,Active,2018.0,Y,2018,1.0,27.0,1610612738,0,BOS,
1629058,Dzanan,Musa,D. Musa,19990508,,Bosnia and Herzegovina,Cedevita/Bosnia and Herzegovina,6-9,217.0,2,13.0,Guard,Inactive,2018.0,Y,2018,1.0,29.0,1610612751,0,BKN,
1629059,Elie,Okobo,E. Okobo,19971023,Elan Bearnais,France,Elan Bearnais/France,6-3,190.0,2,2.0,Forward,Inactive,2018.0,Y,2018,2.0,31.0,1610612756,0,PHX,
1629060,Rui,Hachimura,R. Hachimura,19980208,Gonzaga,Japan,Gonzaga/Japan,6-8,230.0,1,8.0,Forward,Active,2019.0,N,2019,1.0,9.0,1610612764,0,WAS,
1629065,Ky,Bowman,K. Bowman,19970616,Boston College,USA,Boston College/USA,6-1,187.0,1,12.0,Guard,Inactive,2019.0,Y,Undrafted,,,1610612744,0,GSW,
1629066,Rodions,Kurucs,R. Kurucs,19980205,                                   ,Latvia,FC Barcelona/Latvia,6-9,228.0,2,,Forward,Inactive,2018.0,Y,2018,2.0,40.0,1610612751,0,BKN,
1629067,Isaac,Bonga,I. Bonga,19991108,Skyliners Frankfurt,Germany,Skyliners Frankfurt/Germany,6-8,180.0,2,17.0,Guard,Active,2018.0,Y,2018,2.0,39.0,1610612764,0,WAS,
1629076,Tyler,Cook,T. Cook,19970923,Iowa,USA,Iowa/USA,6-8,255.0,1,25.0,Forward,Active,2019.0,Y,Undrafted,,,1610612743,0,DEN,
1629103,Kelan,Martin,K. Martin,19950803,Butler,USA,Butler/USA,6-5,230.0,1,21.0,Forward,Active,2019.0,Y,Undrafted,,,1610612750,0,MIN,
1629109,Gary,Clark,G. Clark,19941116,Cincinnati,USA,Cincinnati/USA,6-6,225.0,2,12.0,Forward,Active,2018.0,Y,Undrafted,,,1610612745,1610612753,HOU,ORL
1629117,Wenyen,Gabriel,W. Gabriel,19970326,Kentucky,South Sudan,Kentucky/South Sudan,6-9,205.0,1,32.0,Forward,Active,2018.0,Y,Undrafted,,,1610612757,0,POR,
1629126,Deonte,Burton,D. Burton,19940131,Iowa State,USA,Iowa State/USA,6-4,240.0,2,30.0,Guard,Inactive,2018.0,Y,Undrafted,,,1610612760,0,OKC,
1629130,Duncan,Robinson,D. Robinson,19940422,Michigan,USA,Michigan/USA,6-7,215.0,2,55.0,Forward,Active,2018.0,Y,Undrafted,,,1610612748,0,MIA,
1629134,Kendrick,Nunn,K. Nunn,19950803,Oakland,USA,Oakland/USA,6-2,190.0,1,25.0,Guard,Active,2018.0,Y,Undrafted,,,1610612748,0,MIA,
1629140,Johnathan,Williams,J. Williams,19950522,Gonzaga,USA,Gonzaga/USA,6-9,228.0,2,19.0,Forward,Inactive,2018.0,Y,Undrafted,,,1610612764,0,WAS,
1629164,Brandon,Goodwin,B. Goodwin,19951002,Florida Gulf Coast,USA,Florida Gulf Coast/USA,6-0,180.0,2,0.0,Guard,Active,2018.0,Y,Undrafted,,,1610612737,0,ATL,
1629168,BJ,Johnson,B. Johnson,19951221,La Salle,USA,La Salle/USA,6-7,200.0,2,13.0,Forward,Inactive,2018.0,Y,Undrafted,,,1610612753,0,ORL,
1629185,Chris,Chiozza,C. Chiozza,19951121,Florida,USA,Florida/USA,5-11,175.0,2,4.0,Guard,Active,2018.0,Y,Undrafted,,,1610612764,1610612751,WAS,BKN
1629216,Gabe,Vincent,G. Vincent,19960614,California-Santa Barbara,USA,California-Santa Barbara/USA,6-3,200.0,1,2.0,Guard,Active,2019.0,Y,Undrafted,,,1610612748,0,MIA,
1629234,Drew,Eubanks,D. Eubanks,19970201,Oregon State,USA,Oregon State/USA,6-9,245.0,2,14.0,Forward,Active,2018.0,Y,Undrafted,,,1610612759,0,SAS,
1629308,Juan,Toscano-Anderson,J. Toscano-Anderson,19930410,Marquette,USA,Marquette/USA,6-6,209.0,1,95.0,Forward,Active,2019.0,Y,Undrafted,,,1610612744,0,GSW,
1629598,Chris,Clemons,C. Clemons,19970723,Campbell University,USA,Campbell /USA,5-9,180.0,1,3.0,Guard,Inactive,2019.0,Y,Undrafted,,,1610612745,0,HOU,
1629599,Amir,Coffey,A. Coffey,19970617,Minnesota,USA,Minnesota/USA,6-7,210.0,1,7.0,Guard,Active,2019.0,Y,Undrafted,,,1610612746,0,LAC,
1629607,Jared,Harper,J. Harper,19970914,Auburn,USA,Auburn/USA,5-10,175.0,1,0.0,Guard,Active,2019.0,Y,Undrafted,,,1610612756,0,PHX,
1629608,Dewan,Hernandez,D. Hernandez,19961209,Miami,USA,Miami/USA,6-10,235.0,1,20.0,Center,Inactive,2019.0,Y,2019,2.0,59.0,1610612761,0,TOR,
1629610,DaQuan,Jeffries,D. Jeffries,19970830,Tulsa,USA,Tulsa/USA,6-5,230.0,1,55.0,Guard,Active,2019.0,Y,Undrafted,,,1610612758,0,SAC,
1629611,Terance,Mann,T. Mann,19961018,Florida State,USA,Florida State/USA,6-5,215.0,1,14.0,Guard,Active,2019.0,Y,2019,2.0,48.0,1610612746,0,LAC,
1629620,Justin,Robinson,J. Robinson,19971012,Virginia Tech,USA,Virginia Tech/USA,6-1,195.0,1,,Guard,Inactive,2019.0,Y,2019,,,1610612764,0,WAS,
1629625,Justin,Wright-Foreman,J. Wright-Foreman,19971027,Hofstra,USA,Hofstra/USA,6-0,190.0,1,3.0,Guard,Inactive,2019.0,Y,2019,2.0,53.0,1610612762,0,UTA,
1629626,Bol,Bol,B. Bol,19991116,Oregon,Sudan,Oregon/Sudan,7-2,220.0,1,10.0,Center,Active,2019.0,Y,2019,2.0,44.0,1610612743,0,DEN,
1629627,Zion,Williamson,Z. Williamson,20000706,Duke,USA,Duke/USA,6-7,284.0,1,1.0,Forward,Active,2019.0,N,2019,1.0,1.0,1610612740,0,NOP,
1629628,RJ,Barrett,R. Barrett,20000614,Duke,Canada,Duke/Canada,6-6,214.0,1,9.0,Forward,Active,2019.0,N,2019,1.0,3.0,1610612752,0,NYK,
1629629,Cam,Reddish,C. Reddish,19990901,Duke,USA,Duke/USA,6-8,218.0,1,22.0,Forward,Active,2019.0,N,2019,1.0,10.0,1610612737,0,ATL,
1629630,Ja,Morant,J. Morant,19990810,Murray State,USA,Murray State/USA,6-3,174.0,1,12.0,Guard,Active,2019.0,N,2019,1.0,2.0,1610612763,0,MEM,
1629631,De'Andre,Hunter,D. Hunter,19971202,Virginia,USA,Virginia/USA,6-8,225.0,1,12.0,Forward,Active,2019.0,N,2019,1.0,4.0,1610612737,0,ATL,
1629632,Coby,White,C. White,20000216,North Carolina,USA,North Carolina/USA,6-5,195.0,1,0.0,Guard,Active,2019.0,N,2019,1.0,7.0,1610612741,0,CHI,
1629633,Jarrett,Culver,J. Culver,19990220,Texas Tech,USA,Texas Tech/USA,6-6,195.0,1,23.0,Guard,Active,2019.0,N,2019,1.0,6.0,1610612750,0,MIN,
1629634,Brandon,Clarke,B. Clarke,19960919,Gonzaga,Canada,Gonzaga/Canada,6-8,215.0,1,15.0,Forward,Active,2019.0,N,2019,1.0,21.0,1610612763,0,MEM,
1629635,Sekou,Doumbouya,S. Doumbouya,20001223,Limoges,France,Limoges/France,6-8,230.0,1,45.0,Forward,Active,2019.0,Y,2019,1.0,15.0,1610612765,0,DET,
1629636,Darius,Garland,D. Garland,20000126,Vanderbilt,USA,Vanderbilt/USA,6-1,192.0,1,10.0,Guard,Active,2019.0,N,2019,1.0,5.0,1610612739,0,CLE,
1629637,Jaxson,Hayes,J. Hayes,20000523,Texas-Austin,USA,Texas-Austin/USA,6-11,220.0,1,10.0,Center,Active,2019.0,N,2019,1.0,8.0,1610612740,0,NOP,
1629638,Nickeil,Alexander-Walker,N. Alexander-Walker,19980902,Virginia Tech,Canada,Virginia Tech/Canada,6-6,205.0,1,6.0,Guard,Active,2019.0,Y,2019,1.0,17.0,1610612740,0,NOP,
1629639,Tyler,Herro,T. Herro,20000120,Kentucky,USA,Kentucky/USA,6-5,195.0,1,14.0,Guard,Active,2019.0,N,2019,1.0,13.0,1610612748,0,MIA,
1629640,Keldon,Johnson,K. Johnson,19991011,Kentucky,USA,Kentucky/USA,6-5,220.0,1,3.0,Forward,Active,2019.0,Y,2019,1.0,29.0,1610612759,0,SAS,
1629641,Romeo,Langford,R. Langford,19991025,Indiana,USA,Indiana/USA,6-4,216.0,1,45.0,Guard,Active,2019.0,Y,2019,1.0,14.0,1610612738,0,BOS,
1629642,Nassir,Little,N. Little,20000211,North Carolina,USA,North Carolina/USA,6-5,220.0,1,9.0,Forward,Active,2019.0,N,2019,1.0,25.0,1610612757,0,POR,
1629645,Kevin,Porter Jr.,K. Porter Jr.,20000504,Southern California,USA,Southern California/USA,6-4,203.0,1,3.0,Guard,Active,2019.0,Y,2019,1.0,30.0,1610612739,0,CLE,
1629647,Darius,Bazley,D. Bazley,20000612,Princeton HS (OH),USA,Princeton HS (OH)/USA,6-8,208.0,1,7.0,Forward,Active,2019.0,N,2019,1.0,23.0,1610612760,0,OKC,
1629649,Ignas,Brazdeikis,I. Brazdeikis,19990108,Michigan,Canada,Michigan/Canada,6-6,221.0,1,17.0,Forward,Active,2019.0,Y,2019,2.0,47.0,1610612752,0,NYK,
1629651,Nicolas,Claxton,N. Claxton,19990417,Georgia,USA,Georgia/USA,6-11,215.0,1,33.0,Forward,Active,2019.0,Y,2019,2.0,31.0,1610612751,0,BKN,
1629652,Luguentz,Dort,L. Dort,19990419,Arizona State,Canada,Arizona State/Canada,6-3,215.0,1,5.0,Guard,Active,2019.0,Y,Undrafted,,,1610612760,0,OKC,
1629659,Talen,Horton-Tucker,T. Horton-Tucker,20001125,Iowa State,USA,Iowa State/USA,6-4,234.0,1,5.0,Guard,Active,2019.0,Y,2019,2.0,46.0,1610612747,0,LAL,
1629660,Ty,Jerome,T. Jerome,19970708,Virginia,USA,Virginia/USA,6-5,195.0,1,16.0,Guard,Active,2019.0,Y,2019,1.0,24.0,1610612756,0,PHX,
1629661,Cameron,Johnson,C. Johnson,19960303,North Carolina,USA,North Carolina/USA,6-8,210.0,1,23.0,Forward,Active,2019.0,N,2019,1.0,11.0,1610612756,0,PHX,
1629662,Mfiondu,Kabengele,M. Kabengele,19970814,Florida State,Canada,Florida State/Canada,6-9,250.0,1,27.0,Forward,Active,2019.0,Y,2019,1.0,27.0,1610612746,0,LAC,
1629665,Jalen,Lecque,J. Lecque,20000613,,USA,Brewster Academy (NH)/USA,6-4,185.0,1,,Guard,Inactive,2019.0,Y,Undrafted,,,1610612756,0,PHX,
1629671,Miye,Oni,M. Oni,19970804,Yale,USA,Yale/USA,6-5,206.0,1,81.0,Guard,Active,2019.0,Y,2019,2.0,58.0,1610612762,0,UTA,
1629672,Eric,Paschall,E. Paschall,19961104,Villanova,USA,Villanova/USA,6-6,255.0,1,7.0,Forward,Active,2019.0,N,2019,2.0,41.0,1610612744,0,GSW,
1629673,Jordan,Poole,J. Poole,19990619,Michigan,USA,Michigan/USA,6-4,194.0,1,3.0,Guard,Active,2019.0,Y,2019,1.0,28.0,1610612744,0,GSW,
1629677,Luka,Samanic,L. Samanic,20000109,Union Olimpija,Croatia,Union Olimpija/Croatia,6-10,227.0,1,19.0,Forward,Active,2019.0,Y,2019,1.0,19.0,1610612759,0,SAS,
1629678,Admiral,Schofield,A. Schofield,19970330,Tennessee,United Kingdom,Tennessee/United Kingdom,6-5,241.0,1,1.0,Guard,Inactive,2019.0,Y,2019,2.0,42.0,1610612764,0,WAS,
1629680,Matisse,Thybulle,M. Thybulle,19970304,Washington,USA,Washington/USA,6-5,201.0,1,22.0,Guard,Active,2019.0,N,2019,1.0,20.0,1610612755,0,PHI,
1629683,Quinndary,Weatherspoon,Q. Weatherspoon,19960910,Mississippi State,USA,Mississippi State/USA,6-3,205.0,1,15.0,Guard,Active,2019.0,Y,2019,2.0,49.0,1610612759,0,SAS,
1629684,Grant,Williams,G. Williams,19981130,Tennessee,USA,Tennessee/USA,6-6,236.0,1,12.0,Forward,Active,2019.0,N,2019,1.0,22.0,1610612738,0,BOS,
1629690,Adam,Mokoka,A. Mokoka,19980718,Mega Basket,France,Mega Basket/France,6-4,190.0,1,20.0,Guard,Active,2019.0,Y,Undrafted,,,1610612741,0,CHI,
1629713,Justin,James,J. James,19970124,Wyoming,USA,Wyoming/USA,6-7,190.0,1,10.0,Guard,Active,2019.0,Y,2019,2.0,40.0,1610612758,0,SAC,
1629714,Jarrell,Brantley,J. Brantley,19960607,College of Charleston,USA,College of Charleston/USA,6-5,250.0,1,5.0,Forward,Active,2019.0,Y,2019,2.0,50.0,1610612762,0,UTA,
1629723,John,Konchar,J. Konchar,19960322,Indiana-Purdue Fort Wayne,USA,Indiana-Purdue Fort Wayne/USA,6-5,210.0,1,46.0,Guard,Active,2019.0,Y,Undrafted,,,1610612763,0,MEM,
1629724,Vic,Law,V. Law,19951219,Northwestern,USA,Northwestern/USA,6-7,201.0,1,23.0,Forward,Inactive,2019.0,Y,Undrafted,,,1610612753,0,ORL,
1629725,Jeremiah,Martin,J. Martin,19960619,Memphis,USA,Memphis/USA,6-2,185.0,1,3.0,Guard,Active,2019.0,Y,Undrafted,,,1610612751,0,BKN,
1629726,Garrison,Mathews,G. Mathews,19961024,Lipscomb,USA,Lipscomb/USA,6-5,215.0,1,24.0,Guard,Active,2019.0,Y,Undrafted,,,1610612764,0,WAS,
1629729,Josh,Reaves,J. Reaves,19970604,Penn State,USA,Penn State/USA,6-4,214.0,1,23.0,Guard,Inactive,2019.0,Y,Undrafted,,,1610612742,0,DAL,
1629730,Rayjon,Tucker,R. Tucker,19970924,Arkansas-Little Rock,USA,Arkansas-Little Rock/USA,6-3,209.0,1,9.0,Guard,Active,2019.0,Y,Undrafted,,,1610612762,0,UTA,
1629731,Dean,Wade,D. Wade,19961120,Kansas State,USA,Kansas State/USA,6-9,228.0,1,32.0,Forward,Active,2019.0,Y,Undrafted,,,1610612739,0,CLE,
1629734,Kyle,Alexander,K. Alexander,19961021,Tennessee,Canada,Tennessee/Canada,6-10,216.0,1,17.0,Forward,Inactive,2019.0,Y,Undrafted,,,1610612748,0,MIA,
1629735,Chris,Silva,C. Silva,19960919,South Carolina,Gabon,South Carolina/Gabon,6-8,234.0,1,,Forward,Inactive,2019.0,Y,Undrafted,,,1610612748,0,MIA,
1629740,Nicolo,Melli,N. Melli,19910126,Fenerbahce,Italy,Fenerbahce/Italy,6-9,236.0,1,44.0,Forward,Active,2019.0,N,Undrafted,,,1610612740,0,NOP,
1629741,Marko,Guduric,M. Guduric,19950308,,Serbia,Fenerbahce/Serbia,6-6,201.0,1,23.0,Guard,Inactive,2019.0,Y,Undrafted,,,1610612763,0,MEM,
1629742,Stanton,Kidd,S. Kidd,19920318,Colorado State,USA,Colorado State/USA,6-6,216.0,0,,Forward,Inactive,2019.0,N,Undrafted,,,1610612762,0,UTA,
1629743,Donta,Hall,D. Hall,19970807,Alabama,USA,Alabama/USA,6-10,230.0,1,45.0,Center,Active,2019.0,Y,Undrafted,,,1610612751,0,BKN,
1629744,Matt,Thomas,M. Thomas,19940804,Iowa State,USA,Iowa State/USA,6-4,190.0,1,21.0,Guard,Active,2019.0,Y,Undrafted,,,1610612761,0,TOR,
1629745,Tariq,Owens,T. Owens,19950630,Texas Tech,USA,Texas Tech/USA,6-10,205.0,1,41.0,Forward,Inactive,2019.0,Y,Undrafted,,,1610612756,0,PHX,
1629750,Javonte,Green,J. Green,19930723,Radford,USA,Radford/USA,6-4,205.0,1,11.0,Guard,Active,2019.0,N,Undrafted,,,1610612738,0,BOS,
1629752,Juwan,Morgan,J. Morgan,19970417,Indiana,USA,Indiana/USA,6-7,232.0,1,16.0,Forward,Active,2019.0,Y,Undrafted,,,1610612762,0,UTA,
